企業情報_1_名前,企業情報_2_サイト,企業情報_3_求人サイト企業情報,連絡先_1_住所,連絡先_2,連絡先_3,連絡先_4
株式会社フルタイムシステム,https://www.fts.co.jp/,https://employment.en-japan.com/desc_1039123/?PK=DE2134&arearoute=1,＜東京本社＞/〒101-0032　/東京都千代田区岩本町2-10-1,採用担当／大栗,03-3851-5831,
株式会社リクルートR&Dスタッフィング,https://www.recruit-rds.co.jp/,https://employment.en-japan.com/desc_1039191/?PK=DE2134&arearoute=1,＜本社＞〒104-8001/東京都中央区銀座8-4-17 リクルートGINZA8ビル,採用担当,r-saiyou@recruit-rds.co.jp,
株式会社エスティック,http://www.estic.co.jp,https://employment.en-japan.com/desc_1039233/?PK=DE2134&arearoute=1,【本社・東郷事務所】/〒570-0041/大阪府守口市東郷通1丁目2番16号,採用担当,06-6993-8855,
西部電機株式会社（東証二部上場）,https://www.seibudenki.co.jp/,https://employment.en-japan.com/desc_1041557/?PK=DE2134&arearoute=1,東京都新宿区西新宿6-5-1　新宿アイランドタワー,エン・ジャパン株式会社　エン エージェント,enagent-info@en-japan.com,
住友電気工業株式会社（東証一部上場）,http://www.sei.co.jp/,https://employment.en-japan.com/desc_1042486/?PK=DE2134&arearoute=1,東京都新宿区西新宿6-5-1　新宿アイランドタワー,エン・ジャパン株式会社　エン エージェント,enagent-info@en-japan.com,
日本ガイシ株式会社（東証一部上場）,http://www.ngk.co.jp,https://employment.en-japan.com/desc_1042494/?PK=DE2134&arearoute=1,東京都新宿区西新宿6-5-1　新宿アイランドタワー,エン・ジャパン株式会社　エン エージェント,enagent-info@en-japan.com,
日本ガイシ株式会社（東証一部上場）,http://www.ngk.co.jp,https://employment.en-japan.com/desc_1042501/?PK=DE2134&arearoute=1,東京都新宿区西新宿6-5-1　新宿アイランドタワー,エン・ジャパン株式会社　エン エージェント,enagent-info@en-japan.com,
日本ガイシ株式会社（東証一部上場）,http://www.ngk.co.jp,https://employment.en-japan.com/desc_1042504/?PK=DE2134&arearoute=1,東京都新宿区西新宿6-5-1　新宿アイランドタワー,エン・ジャパン株式会社　エン エージェント,enagent-info@en-japan.com,
株式会社デンソーテン,https://www.denso-ten.com/jp/,https://employment.en-japan.com/desc_1042510/?PK=DE2134&arearoute=1,東京都新宿区西新宿6-5-1　新宿アイランドタワー,エン・ジャパン株式会社　エン エージェント,enagent-info@en-japan.com,
株式会社ダイヤ・エフ・エンジニアリング,http://www.daiya-f.jp,https://employment.en-japan.com/desc_1042597/?PK=DE2134&arearoute=1,【本社】/〒652-0861/兵庫県神戸市兵庫区三石通3-2-7,採用担当,078-651-4434,
株式会社寺岡精工,http://www.teraokaseiko.com/,https://employment.en-japan.com/desc_1042624/?PK=DE2134&arearoute=1,東京都新宿区西新宿6-5-1　新宿アイランドタワー,エン・ジャパン株式会社　エン エージェント,enagent-info@en-japan.com,
株式会社椿本チエイン（東証一部上場）,http://www.tsubakimoto.jp/,https://employment.en-japan.com/desc_1042634/?PK=DE2134&arearoute=1,東京都新宿区西新宿6-5-1　新宿アイランドタワー,エン・ジャパン株式会社　エン エージェント,enagent-info@en-japan.com,
TDK株式会社（東証一部上場）,https://www.tdk.co.jp/corp/ja/index.htm,https://employment.en-japan.com/desc_1042670/?PK=DE2134&arearoute=1,東京都新宿区西新宿6-5-1　新宿アイランドタワー,エン・ジャパン株式会社　エン エージェント,enagent-info@en-japan.com,
新コスモス電機株式会社（東証JASDAQ上場）,http://www.new-cosmos.co.jp/,https://employment.en-japan.com/desc_1042759/?PK=DE2134&arearoute=1,東京都新宿区西新宿6-5-1　新宿アイランドタワー,エン・ジャパン株式会社　エン エージェント,enagent-info@en-japan.com,
新コスモス電機株式会社（東証JASDAQ上場）,http://www.new-cosmos.co.jp/,https://employment.en-japan.com/desc_1042761/?PK=DE2134&arearoute=1,東京都新宿区西新宿6-5-1　新宿アイランドタワー,エン・ジャパン株式会社　エン エージェント,enagent-info@en-japan.com,
サンライズ工業株式会社,https://www.sunrise.gr.jp/index.html,https://employment.en-japan.com/desc_1042828/?PK=DE2134&arearoute=1,東京都新宿区西新宿6-5-1　新宿アイランドタワー,エン・ジャパン株式会社　エン エージェント,enagent-info@en-japan.com,
株式会社大西熱学,https://www.ohnishi.co.jp/product_company.php,https://employment.en-japan.com/desc_1042892/?PK=DE2134&arearoute=1,東京都新宿区西新宿6-5-1　新宿アイランドタワー,エン・ジャパン株式会社　エン エージェント,enagent-info@en-japan.com,
日機装株式会社（東証一部上場）,http://www.nikkiso.co.jp/,https://employment.en-japan.com/desc_1042898/?PK=DE2134&arearoute=1,東京都新宿区西新宿6-5-1　新宿アイランドタワー,エン・ジャパン株式会社　エン エージェント,enagent-info@en-japan.com,
セコム株式会社,http://www.secom.co.jp/,https://employment.en-japan.com/desc_1039881/?PK=DE2134&arearoute=1,〒150-0001/東京都渋谷区神宮前1-5-1,採用担当,0120-314-756,recruit3@secom.co.jp
アウトソーシンググループ,https://xn--ccki4a1a3a9d5qmc.jp/special/,https://employment.en-japan.com/desc_1040224/?PK=DE2134&arearoute=1,★今回のアウトソーシンググループの合同募集の応募受付は、株式会社アウトソーシングが行ないます。//【本社】〒100-0005/東京都千代田区丸の内1-8-3　丸の内トラストタワー本館19F,アウトソーシンググループコールセンター,0120-89-4651,
アウトソーシンググループ,https://xn--ccki4a1a3a9d5qmc.jp/special/,https://employment.en-japan.com/desc_1040226/?PK=DE2134&arearoute=1,★今回のアウトソーシンググループの合同募集の応募受付は、株式会社アウトソーシングが行ないます。//【本社】〒100-0005/東京都千代田区丸の内1-8-3　丸の内トラストタワー本館19F,アウトソーシンググループコールセンター,0120-89-4651,
株式会社ハンブル,https://humble.jp/,https://employment.en-japan.com/desc_1042306/?PK=DE2134&arearoute=1,〒223-0057/神奈川県横浜市港北区新羽町628-1,採用担当,045-633-4003,
ピーディーシー株式会社,https://www.pdc-ds.com,https://employment.en-japan.com/desc_1042461/?PK=DE2134&arearoute=1,東京都新宿区西新宿6-5-1新宿アイランドタワー,エン・ジャパン株式会社　エン エージェント,enagent-info@en-japan.com,
日研トータルソーシング株式会社,https://nikken-career.jp,https://employment.en-japan.com/desc_1039219/?PK=DE2134&arearoute=1,【本社】〒144-0051/東京都大田区西蒲田7-23-3　日研第一ビル,採用担当,0120-45-7207,
株式会社C・S・R,https://csresolution.jp/,https://employment.en-japan.com/desc_1041363/?PK=DE2134&arearoute=1,東京サービスセンター／〒171-0014 東京都豊島区池袋2-54-3 KS7ビル2F,採用担当,03-5985-7105,
株式会社カインドビジネス（GBSグループ）,https://www.gbs-net.jp/,https://employment.en-japan.com/desc_1042262/?PK=DE2134&arearoute=1,【大阪営業所】/〒566-0074　大阪府摂津市東一津屋3-53,採用担当,06-6829-1061,
Apple Japan合同会社,http://www.apple.com/jp/,https://employment.en-japan.com/desc_1017331/?PK=DE2134&arearoute=1,〒106-6140/東京都港区六本木6丁目10番1号 六本木ヒルズ,Apple Recruiting,ar_apac@apple.com,
公益財団法人高輝度光科学研究センター,http://www.jasri.jp/,https://employment.en-japan.com/desc_1040127/?PK=DE2134&arearoute=1,〒679-5198/兵庫県佐用郡佐用町光都1-1-1,研究支援部総務人事課　採用担当,0791-58-0951,
株式会社ハマエンジニアリング,https://hama-eng.jp/recruit/,https://employment.en-japan.com/desc_1041539/?PK=DE2134&arearoute=1,【本社】/〒812-0025/福岡市博多区店屋町6-18 ランダムスクウェアI　4F,人事部採用担当,0120-431-141,
株式会社ハマエンジニアリング,https://hama-eng.jp/recruit/,https://employment.en-japan.com/desc_1041541/?PK=DE2134&arearoute=1,【本社】/〒812-0025/福岡市博多区店屋町6-18 ランダムスクウェアI　4F,人事部採用担当,0120-431-141,
株式会社クロップス・クルー トヨタ事業部,https://toyota.cropscrew.jp/,https://employment.en-japan.com/desc_1041944/?PK=DE2134&arearoute=1,■豊田支店/〒471-0026/愛知県豊田市若宮町1-8 第38オーシャンビル5階,青木,0565-37-1323,
無限電光株式会社,https://www.hit-air.com/,https://employment.en-japan.com/desc_1040538/?PK=DE2134&arearoute=1,◆本社/〒468－0055/愛知県名古屋市天白区池場1-1012,竹内,052-807-7750,
株式会社山口ナット,https://www.ynut.co.jp,https://employment.en-japan.com/desc_1040925/?PK=DE2134&arearoute=1,【埼玉工場】/〒349-1125/埼玉県久喜市高柳1510-1,採用担当,0480-52-6791,
株式会社東名トスメック,http://www.t-t-m.co.jp/TTM_WEB/,https://employment.en-japan.com/desc_1041347/?PK=DE2134&arearoute=1,【本社】〒464-0075/愛知県名古屋市千種区内山2-14-4,採用担当,052-733-2588,
日精エンジニアリング株式会社,https://www.nissei.co.jp/branch,https://employment.en-japan.com/desc_1041810/?PK=DE2134&arearoute=1,■名古屋営業所/〒453-0801/愛知県名古屋市中村区太閤1-20-13　秀幸ビル４F,採用担当,052-485-8680,
アンツエンジニアリング株式会社,http://ants-engineering.co.jp/,https://employment.en-japan.com/desc_1042170/?PK=DE2134&arearoute=1,■本社/〒470-1125　愛知県豊明市三崎町中ノ坪2-6,採用担当,0562-92-7778,
株式会社ビッグモーター,https://www.bigmotor.co.jp/,https://employment.en-japan.com/desc_992919/?PK=DE2134&arearoute=1,読み取り不可避エラー,,,
株式会社クラシアン,http://www.qracian.co.jp,https://employment.en-japan.com/desc_1009154/?PK=DE2134&arearoute=1,【本社】/〒222-0033/神奈川県横浜市港北区新横浜1-2-1　新横浜ファーストビル8F,HR部,0120-122-314 (24時間受付),
株式会社フルカワエオス 名古屋工場,http://www.furukawaeosu.com/,https://employment.en-japan.com/desc_1039110/?PK=DE2134&arearoute=1,＜名古屋工場＞/〒462-0064/愛知県名古屋市北区大我麻町112,採用担当,052-982-9863,
有限会社近藤製作所,,https://employment.en-japan.com/desc_1040303/?PK=DE2134&arearoute=1,【本社】/〒470-0162/愛知県愛知郡東郷町春木南岡ノ上1518番地,採用担当,0561-39-0361,
フジアルテ株式会社,https://www.fujiarte.co.jp,https://employment.en-japan.com/desc_1040505/?PK=DE2134&arearoute=1,【滋賀営業所】/〒525-0032　滋賀県草津市大路1-8-1 南洋軒ビル4階,採用担当,077-574-8322,
ロジスネクスト東京株式会社,,https://employment.en-japan.com/desc_1041091/?PK=DE2134&arearoute=1,【本社】/〒143-0006/東京都大田区平和島6-1-1　東京流通センタービル9F,採用担当,03-3767-3381,
トーシンケミテック株式会社,https://tim-tc.jp/,https://employment.en-japan.com/desc_1041289/?PK=DE2134&arearoute=1,本社工場／大阪府堺市西区築港浜寺西町13-13,採用担当,072-268-0345,
バリュエンスホールディングス株式会社,https://www.valuence.inc/,https://employment.en-japan.com/desc_1041517/?PK=DE2134&arearoute=1,【東京本社】/〒108-0075/東京都港区港南1-2-70　品川シーズンテラス 28F,採用担当,03-4590-7861,
株式会社ウイルテック,https://www.willtec.jp,https://employment.en-japan.com/desc_1042155/?PK=DE2134&arearoute=1,【大阪キャリア開発センター】/〒530-0015/大阪府大阪市北区中崎西2-4-12　梅田センタービル 3F,採用担当,0120-596-788,
Rセキュリティ株式会社,http://www.r-security.jp/corpguide/,https://employment.en-japan.com/desc_1042551/?PK=DE2134&arearoute=1,品川本社／東京都品川区平塚2-6-13スバルビル7F,人事部　採用担当,03-6779-8639,
株式会社ネオキャリア,http://www.neo-career.co.jp,https://employment.en-japan.com/desc_1036061/?PK=DE2134&arearoute=1,〒160-0023/東京都新宿区西新宿1-22-2　新宿サンエービル 14階,採用担当,03-5908-8314(採用担当直通),
株式会社夢テクノロジー,https://www.yume-tec.co.jp/,https://employment.en-japan.com/desc_1038462/?PK=DE2134&arearoute=1,＜採用プラザ 夢らぼ（東京）＞/〒101-0022/東京都千代田区神田練塀町300番地　住友不動産秋葉原駅前ビル 6F,採用担当,03-6859-5712,
日研トータルソーシング株式会社,https://nikken-career.jp,https://employment.en-japan.com/desc_1039221/?PK=DE2134&arearoute=1,【本社】〒144-0051/東京都大田区西蒲田7-23-3　日研第一ビル,採用担当,0120-45-7207,
フジアルテ株式会社 エンジニア事業部,https://www.fujiarte.co.jp,https://employment.en-japan.com/desc_1040342/?PK=ABED20&arearoute=1,【梅田採用センター】/〒530-0051/大阪府大阪市北区太融寺町5-15/梅田イーストビル3F,エンジニア採用担当,0120-666-526,faoubo-eg@fujiarte.co.jp
株式会社SHINKO,https://www.kk-shinko.com/,https://employment.en-japan.com/desc_1040905/?PK=ABED20&arearoute=1,【本社】/〒111-0053/東京都台東区浅草橋5-20-8 CSタワー8F,採用担当,03-5822-7602　※営業のお電話はお控えください。,
サンコー工業株式会社,http://sanko-g.com/,https://employment.en-japan.com/desc_1037215/?PK=ABED20&arearoute=1,＜本社＞/〒457-0802/名古屋市南区要町1-4,採用担当,052-612-9002,
ユースグループ,http://www.youth-haken.jp,https://employment.en-japan.com/desc_1041381/?PK=ABED20&arearoute=1,※ユースグループの合同募集の応募受付は、代表して株式会社ユースが行ないます。/&lt;本社＞/〒460-0003/愛知県名古屋市中区錦2-19-19　広小路センタープレイス10F,採用担当,052-205-1166,
UTエイム株式会社,https://www.ut-aim.co.jp/,https://employment.en-japan.com/desc_1041523/?PK=ABED20&arearoute=1,〒141-0022/東京都品川区東五反田1-11-15　電波ビル6階,採用担当,0120-971-999,
株式会社北斗,http://www.hokuto-g.co.jp/index.html,https://employment.en-japan.com/desc_1039268/?PK=ABED20&arearoute=1,本社／〒379-2215 群馬県伊勢崎市赤堀今井町2丁目1044-1,採用担当,0270-63-0001,
コサカ精工株式会社,http://kosakaseiko.co.jp/,https://employment.en-japan.com/desc_1040002/?PK=ABED20&arearoute=1,〒485-0055/愛知県小牧市多気北町210番,採用担当　上田・生田,0568-72-3364,
大豊産業株式会社,http://www.taihos.co.jp,https://employment.en-japan.com/desc_1040815/?PK=ABED20&arearoute=1,東京都新宿区西新宿6-5-1　新宿アイランドタワー,エン・ジャパン株式会社　エン エージェント,enagent-info@en-japan.com,
フジモト株式会社,http://www.fujimoto.co.jp/,https://employment.en-japan.com/desc_1041568/?PK=ABED20&arearoute=1,【本社】/〒166-0011/東京都杉並区梅里1-7-7 SKTビル2F,採用担当,03-5378-6830,
スマック株式会社,http://www.smach.jp/,https://employment.en-japan.com/desc_1041619/?PK=ABED20&arearoute=1,東京都新宿区西新宿6-5-1　新宿アイランドタワー,エン・ジャパン株式会社　エン エージェント,enagent-info@en-japan.com,
株式会社デンソーテン,https://www.denso-ten.com/jp/,https://employment.en-japan.com/desc_1041676/?PK=ABED20&arearoute=1,東京都新宿区西新宿6-5-1　新宿アイランドタワー,エン・ジャパン株式会社　エン エージェント,enagent-info@en-japan.com,
株式会社デンソーテン,https://www.denso-ten.com/jp/,https://employment.en-japan.com/desc_1041679/?PK=ABED20&arearoute=1,東京都新宿区西新宿6-5-1　新宿アイランドタワー,エン・ジャパン株式会社　エン エージェント,enagent-info@en-japan.com,
株式会社ダイフク（東証一部上場）,http://www.daifuku.co.jp/,https://employment.en-japan.com/desc_1041681/?PK=ABED20&arearoute=1,東京都新宿区西新宿6-5-1新宿アイランドタワー,エン・ジャパン株式会社　エン エージェント,enagent-info@en-japan.com,
三陽機器株式会社,https://www.sanyokiki.co.jp/,https://employment.en-japan.com/desc_1041694/?PK=ABED20&arearoute=1,東京都新宿区西新宿6-5-1　新宿アイランドタワー,エン・ジャパン株式会社　エン エージェント,enagent-info@en-japan.com,
三陽機器株式会社,https://www.sanyokiki.co.jp/,https://employment.en-japan.com/desc_1041696/?PK=ABED20&arearoute=1,東京都新宿区西新宿6-5-1　新宿アイランドタワー,エン・ジャパン株式会社　エン エージェント,enagent-info@en-japan.com,
株式会社ツチヨシ・マテック,http://www.tyco-mt.co.jp/,https://employment.en-japan.com/desc_1041718/?PK=ABED20&arearoute=1,東京都新宿区西新宿6-5-1　新宿アイランドタワー,エン・ジャパン株式会社　エン エージェント,enagent-info@en-japan.com,
株式会社ナブテック,http://www.nabtec.co.jp/,https://employment.en-japan.com/desc_1041717/?PK=ABED20&arearoute=1,東京都新宿区西新宿6-5-1　新宿アイランドタワー,エン・ジャパン株式会社　エン エージェント,enagent-info@en-japan.com,
株式会社ミトヨ,https://www.mitoyo-net.co.jp/index.html,https://employment.en-japan.com/desc_1041723/?PK=ABED20&arearoute=1,東京都新宿区西新宿6-5-1　新宿アイランドタワー,エン・ジャパン株式会社　ミトヨ採用事務局,sss-info@en-japan.com,
株式会社椿本チエイン（東証一部上場）,http://www.tsubakimoto.jp/,https://employment.en-japan.com/desc_1041732/?PK=ABED20&arearoute=1,東京都新宿区西新宿6-5-1　新宿アイランドタワー,エン・ジャパン株式会社　エン エージェント,enagent-info@en-japan.com,
日本メカトロン株式会社,http://www.n-mec.com/company/,https://employment.en-japan.com/desc_1041734/?PK=ABED20&arearoute=1,東京都新宿区西新宿6-5-1　新宿アイランドタワー,エン・ジャパン株式会社　エン エージェント,enagent-info@en-japan.com,
京都電機器株式会社,https://www.kdn.co.jp/corporate/about/,https://employment.en-japan.com/desc_1041735/?PK=ABED20&arearoute=1,東京都新宿区西新宿6-5-1　新宿アイランドタワー,エン・ジャパン株式会社　エン エージェント,enagent-info@en-japan.com,
株式会社椿本チエイン（東証一部上場）,http://www.tsubakimoto.jp/,https://employment.en-japan.com/desc_1041736/?PK=ABED20&arearoute=1,東京都新宿区西新宿6-5-1　新宿アイランドタワー,エン・ジャパン株式会社　エン エージェント,enagent-info@en-japan.com,
株式会社椿本チエイン（東証一部上場）,http://www.tsubakimoto.jp/,https://employment.en-japan.com/desc_1041737/?PK=ABED20&arearoute=1,東京都新宿区西新宿6-5-1　新宿アイランドタワー,エン・ジャパン株式会社　エン エージェント,enagent-info@en-japan.com,
株式会社湯山製作所,http://www.yuyama.co.jp,https://employment.en-japan.com/desc_1041740/?PK=ABED20&arearoute=1,東京都新宿区西新宿6-5-1新宿アイランドタワー,エン・ジャパン株式会社　エン エージェント,enagent-info@en-japan.com,
株式会社野田スクリーン,http://www.nodascreen.co.jp/,https://employment.en-japan.com/desc_1041758/?PK=ABED20&arearoute=1,東京都新宿区西新宿6-5-1　新宿アイランドタワー,エン・ジャパン株式会社　エン エージェント,enagent-info@en-japan.com,
大晃機械工業株式会社,https://www.taiko-kk.com/jp/company/profile.html,https://employment.en-japan.com/desc_1041759/?PK=ABED20&arearoute=1,東京都新宿区西新宿6-5-1　新宿アイランドタワー,エン・ジャパン株式会社　エン エージェント,enagent-info@en-japan.com,
八幡電気産業株式会社,http://www.yawatadenki.co.jp/,https://employment.en-japan.com/desc_1041762/?PK=ABED20&arearoute=1,東京都新宿区西新宿6-5-1　新宿アイランドタワー,エン・ジャパン株式会社　エン エージェント,enagent-info@en-japan.com,
飯島興産株式会社,,https://employment.en-japan.com/desc_1041512/?PK=ABED20&arearoute=1,〒494-0012/愛知県一宮市明地字井之内3-2,採用担当,0586-67-3100,
東京メディコムホールディングス株式会社,http://www.tokyo-medicom.co.jp,https://employment.en-japan.com/desc_1037063/?PK=ABED20&arearoute=1,〒134-0084/東京都江戸川区東葛西6-1-17 第6カネ長ビル6F,採用担当,03-3680-1161,
カンロ株式会社（東証二部上場）,https://www.kanro.co.jp/,https://employment.en-japan.com/desc_1040892/?PK=ABED20&arearoute=1,東京都新宿区西新宿6-5-1　新宿アイランドタワー,エン・ジャパン株式会社　エン エージェント,enagent-info@en-japan.com,
三菱電機トレーディング株式会社,http://www.melco-trading.net/index.html,https://employment.en-japan.com/desc_1040968/?PK=ABED20&arearoute=1,■本社/〒100-0005/東京都千代田区丸の内2-1-1 明治生命館3階,採用担当,03-5220-7301,
ダイハツ工業株式会社,http://www.daihatsu.com/jp/index.html,https://employment.en-japan.com/desc_1041662/?PK=ABED20&arearoute=1,東京都新宿区西新宿6-5-1　新宿アイランドタワー,エン・ジャパン株式会社　エン エージェント,enagent-info@en-japan.com,
大阪ガスセキュリティサービス株式会社（大阪ガスグループ）,http://www.oss-og.co.jp,https://employment.en-japan.com/desc_1041847/?PK=ABED20&arearoute=1,【本社】/〒532-0024/大阪市淀川区十三本町3-6-35,採用担当 辻,06-6306-2061,
株式会社ワールドインテック（ワールドホールディングスグループ）,https://www.witc.co.jp/techno/,https://employment.en-japan.com/desc_1009807/?PK=ABED20&arearoute=1,〒221-0056/神奈川県横浜市神奈川区金港町5-32　ベイフロント横浜　8F,採用係,045-620-0888,
日研トータルソーシング株式会社,https://nikken-career.jp,https://employment.en-japan.com/desc_1035346/?PK=ABED20&arearoute=1,【本社】〒144-0051/東京都大田区西蒲田7-23-3　日研第一ビル,採用担当,0120-45-7207,
株式会社夢テクノロジー,https://www.yume-tec.co.jp/,https://employment.en-japan.com/desc_1038454/?PK=ABED20&arearoute=1,■エンジニアリング採用部/〒101-0022/東京都千代田区神田練塀町300番地　住友不動産秋葉原駅前ビル 6F,採用担当,03-6859-5712,
株式会社メーカーズ,http://www.makers-corp.jp/index.html,https://employment.en-japan.com/desc_1039675/?PK=ABED20&arearoute=1,■本社／福岡県福岡市西区石丸4-5-53,採用担当　井芹宛,092-753-6611,
久保誠電気興業株式会社,http://www.kubosei.co.jp,https://employment.en-japan.com/desc_1037810/?PK=ABED20&arearoute=1,【北陽本社 オフィス＆ファクトリー】/〒940-0871/新潟県長岡市北陽2-14-32,採用担当,0258-24-5513,
ピュア・フィッシング・ジャパン株式会社,https://www.purefishing.jp/,https://employment.en-japan.com/desc_1038440/?PK=ABED20&arearoute=1,本社／東京都江東区木場2-15-12 MAビル,採用担当,03-6860-5182,
株式会社J's Factory,http://www.jws.co.jp/,https://employment.en-japan.com/desc_1039425/?PK=ABED20&arearoute=1,【埼玉本社】/〒330-0802/埼玉県さいたま市大宮区宮町1-38-1　KDX大宮ビル５F,採用担当,048-649-0400,
UTエイム株式会社,https://www.ut-aim.co.jp/,https://employment.en-japan.com/desc_1041534/?PK=ABED20&arearoute=1,〒141-0022/東京都品川区東五反田1-11-15　電波ビル6階,採用担当,0120-971-999,
株式会社有明エンジニアリング,,https://employment.en-japan.com/desc_1036926/?PK=ABED20&arearoute=1,本社／〒564-0051 大阪府吹田市豊津町11-36,採用担当,06-6338-5333,
株式会社ムサシノ通信機,http://www.musashino-t.co.jp,https://employment.en-japan.com/desc_1038412/?PK=ABED20&arearoute=1,【本社】/〒350-1226/埼玉県日高市中沢617-3,採用担当,042-989-8711,
株式会社エムイーシー,http://www.mec-jpn.com/,https://employment.en-japan.com/desc_1039813/?PK=ABED20&arearoute=1,■本社/〒124-0005/東京都葛飾区宝町2-30-7 エムイーシービル,採用担当,03-5670-1525,
株式会社村林商会,,https://employment.en-japan.com/desc_1040204/?PK=ABED20&arearoute=1,〒676-0013	/兵庫県高砂市荒井町蓮池3-6-9,採用担当,0794-43-6081,
応用電機株式会社,https://www.oyoe.co.jp/index.html,https://employment.en-japan.com/desc_1040669/?PK=ABED20&arearoute=1,東京都新宿区西新宿6-5-1　新宿アイランドタワー,エン・ジャパン株式会社　エン エージェント,enagent-info@en-japan.com,
マーテック株式会社,http://www.martec.co.jp,https://employment.en-japan.com/desc_1040722/?PK=ABED20&arearoute=1,東京都新宿区西新宿6-5-1　新宿アイランドタワー,エン・ジャパン株式会社　エン エージェント,enagent-info@en-japan.com,
ソニー株式会社（東証一部上場）,http://www.sony.co.jp/,https://employment.en-japan.com/desc_1040863/?PK=ABED20&arearoute=1,東京都新宿区西新宿6-5-1新宿アイランドタワー,エン・ジャパン株式会社　エン エージェント,enagent-info@en-japan.com,
ブラザー工業株式会社（東証・名証一部上場）,http://www.brother.co.jp,https://employment.en-japan.com/desc_1040870/?PK=ABED20&arearoute=1,東京都新宿区西新宿6-5-1　新宿アイランドタワー,エン・ジャパン株式会社　エン エージェント,enagent-info@en-japan.com,
株式会社アソウ・アルファ,https://alpha.ahc-net.co.jp/,https://employment.en-japan.com/desc_1040899/?PK=10E18D&arearoute=1,東京都新宿区西新宿6-5-1　新宿アイランドタワー,エン・ジャパン株式会社　エン エージェント,enagent-info@en-japan.com,
ニッパツ・メック株式会社,https://www.nhkmec.com/,https://employment.en-japan.com/desc_1040976/?PK=10E18D&arearoute=1,東京都新宿区西新宿6-5-1新宿アイランドタワー,エン・ジャパン株式会社　エン エージェント,enagent-info@en-japan.com,
株式会社MINEZAWA,http://www.minezawa.co.jp,https://employment.en-japan.com/desc_1041040/?PK=10E18D&arearoute=1,東京都新宿区西新宿6-5-1　新宿アイランドタワー,エン・ジャパン株式会社　エン エージェント,enagent-info@en-japan.com,
株式会社エリオニクス,https://www.elionix.co.jp/,https://employment.en-japan.com/desc_1041065/?PK=10E18D&arearoute=1,東京都新宿区西新宿6-5-1　新宿アイランドタワー,エン・ジャパン株式会社　エン エージェント,enagent-info@en-japan.com,
株式会社村上商会,http://www.k-murakami.co.jp/,https://employment.en-japan.com/desc_1041140/?PK=10E18D&arearoute=1,東京都新宿区西新宿6-5-1新宿アイランドタワー,エン・ジャパン株式会社　エン エージェント,enagent-info@en-japan.com,
株式会社村上商会,http://www.k-murakami.co.jp/,https://employment.en-japan.com/desc_1041141/?PK=10E18D&arearoute=1,東京都新宿区西新宿6-5-1新宿アイランドタワー,エン・ジャパン株式会社　エン エージェント,enagent-info@en-japan.com,
株式会社oneA,https://www.one-a.co.jp/,https://employment.en-japan.com/desc_1041149/?PK=10E18D&arearoute=1,東京都新宿区西新宿6-5-1　新宿アイランドタワー,エン・ジャパン株式会社　エン エージェント,enagent-info@en-japan.com,
株式会社PALTAC（東証一部上場）,http://www.paltac.co.jp/,https://employment.en-japan.com/desc_1041152/?PK=10E18D&arearoute=1,東京都新宿区西新宿6-5-1　新宿アイランドタワー,エン・ジャパン株式会社　エン エージェント,enagent-info@en-japan.com,
株式会社イシダエンジニアリング,https://www.ishida.co.jp/ww/engineering/about-us/information.cfm,https://employment.en-japan.com/desc_1041176/?PK=10E18D&arearoute=1,東京都新宿区西新宿6-5-1　新宿アイランドタワー,エン・ジャパン株式会社　エン エージェント,enagent-info@en-japan.com,
日本信号株式会社（東証一部上場）,http://www.signal.co.jp/,https://employment.en-japan.com/desc_1041189/?PK=10E18D&arearoute=1,東京都新宿区西新宿6-5-1　新宿アイランドタワー,エン・ジャパン株式会社　エン エージェント,enagent-info@en-japan.com,
株式会社安田精機製作所,http://www.yasuda-seiki.co.jp/,https://employment.en-japan.com/desc_1041198/?PK=10E18D&arearoute=1,東京都新宿区西新宿6-5-1　新宿アイランドタワー,エン・ジャパン株式会社　エン エージェント,enagent-info@en-japan.com,
株式会社ケイエスエス,http://www.kss-co.jp/company/index.html,https://employment.en-japan.com/desc_1041207/?PK=10E18D&arearoute=1,東京都新宿区西新宿6-5-1　新宿アイランドタワー,エン・ジャパン株式会社　エン エージェント,enagent-info@en-japan.com,
株式会社ダイフク（東証一部上場）,http://www.daifuku.co.jp/,https://employment.en-japan.com/desc_1041222/?PK=10E18D&arearoute=1,東京都新宿区西新宿6-5-1　新宿アイランドタワー,エン・ジャパン株式会社　エン エージェント,enagent-info@en-japan.com,
株式会社田中医科器械製作所,http://www.e-tanaka.co.jp/,https://employment.en-japan.com/desc_1041233/?PK=10E18D&arearoute=1,東京都新宿区西新宿6-5-1新宿アイランドタワー,エン・ジャパン株式会社　エン エージェント,enagent-info@en-japan.com,
株式会社ナカガワ,https://www.nakagawa-kk.jp/,https://employment.en-japan.com/desc_1041499/?PK=10E18D&arearoute=1,【本社】/〒457-0861/愛知県名古屋市南区明治1-6-5,採用担当,052-691-6121,
UTエイム株式会社,https://www.ut-aim.co.jp/,https://employment.en-japan.com/desc_1041529/?PK=10E18D&arearoute=1,〒141-0022/東京都品川区東五反田1-11-15　電波ビル6階,採用担当,0120-971-999,
公益財団法人高輝度光科学研究センター,http://www.jasri.jp/,https://employment.en-japan.com/desc_1037731/?PK=10E18D&arearoute=1,〒679-5198/兵庫県佐用郡佐用町光都1-1-1,研究支援部総務人事課　採用担当,0791-58-0951,
ミネベアミツミ株式会社（東証一部上場）,http://www.minebeamitsumi.com/,https://employment.en-japan.com/desc_1040672/?PK=10E18D&arearoute=1,東京都新宿区西新宿6-5-1　新宿アイランドタワー,エン・ジャパン株式会社　エン エージェント,enagent-info@en-japan.com,
株式会社ウイルテック,https://www.willtec.jp,https://employment.en-japan.com/desc_1040673/?PK=10E18D&arearoute=1,【津SC】JR紀勢本線、近鉄名古屋線 津駅 徒歩約20分/三重県津市住吉町4-7 パレオシンセイII 1F,採用担当,0120-596-788,
株式会社セムコーポレーション,http://www.cemco.jp,https://employment.en-japan.com/desc_1028346/?PK=10E18D&arearoute=1,【本社】/〒113-8638　東京都文京区本駒込1-10-25,採用担当,03-3946-3335,
アイピー精密株式会社,http://www.inagumapress.ecnet.jp/groupcompany.html,https://employment.en-japan.com/desc_1038257/?PK=10E18D&arearoute=1,＜本社／小牧工場＞/〒485-0802/愛知県小牧市大字大草字大野5786番地25,採用担当,0568-39-6901,
株式会社ニットク,http://www.nittoku-inc.jp/,https://employment.en-japan.com/desc_1028662/?PK=10E18D&arearoute=1,【本社】/〒187-0004/東京都小平市天神町1-1-24,採用担当,042-345-3410,
株式会社瑞光（東証二部上場）,http://www.zuiko.co.jp/,https://employment.en-japan.com/desc_1039761/?PK=10E18D&arearoute=1,東京都新宿区西新宿6-5-1　新宿アイランドタワー,エン・ジャパン株式会社　エン エージェント,enagent-info@en-japan.com,
キオクシア株式会社,https://www.kioxia.com/ja-jp/top.html,https://employment.en-japan.com/desc_1040287/?PK=10E18D&arearoute=1,東京都新宿区西新宿6-5-1　新宿アイランドタワー,エン・ジャパン株式会社　エン エージェント,enagent-info@en-japan.com,
キオクシア株式会社,https://www.kioxia.com/ja-jp/top.html,https://employment.en-japan.com/desc_1040288/?PK=10E18D&arearoute=1,東京都新宿区西新宿6-5-1　新宿アイランドタワー,エン・ジャパン株式会社　エン エージェント,enagent-info@en-japan.com,
キオクシア株式会社,https://www.kioxia.com/ja-jp/top.html,https://employment.en-japan.com/desc_1040289/?PK=10E18D&arearoute=1,東京都新宿区西新宿6-5-1　新宿アイランドタワー,エン・ジャパン株式会社　エン エージェント,enagent-info@en-japan.com,
キオクシア株式会社,https://www.kioxia.com/ja-jp/top.html,https://employment.en-japan.com/desc_1040290/?PK=10E18D&arearoute=1,東京都新宿区西新宿6-5-1　新宿アイランドタワー,エン・ジャパン株式会社　エン エージェント,enagent-info@en-japan.com,
ニッパツ・メック株式会社,https://www.nhkmec.com/,https://employment.en-japan.com/desc_1040332/?PK=10E18D&arearoute=1,東京都新宿区西新宿6-5-1新宿アイランドタワー,エン・ジャパン株式会社　エン エージェント,enagent-info@en-japan.com,
ニッパツ・メック株式会社,https://www.nhkmec.com/,https://employment.en-japan.com/desc_1040333/?PK=10E18D&arearoute=1,東京都新宿区西新宿6-5-1新宿アイランドタワー,エン・ジャパン株式会社　エン エージェント,enagent-info@en-japan.com,
株式会社ソディック（東証一部上場）,https://www.sodick.co.jp/,https://employment.en-japan.com/desc_1040357/?PK=10E18D&arearoute=1,東京都新宿区西新宿6-5-1　新宿アイランドタワー,エン・ジャパン株式会社　エン エージェント,enagent-info@en-japan.com,
株式会社ソディック（東証一部上場）,https://www.sodick.co.jp/,https://employment.en-japan.com/desc_1040359/?PK=10E18D&arearoute=1,東京都新宿区西新宿6-5-1　新宿アイランドタワー,エン・ジャパン株式会社　エン エージェント,enagent-info@en-japan.com,
株式会社ダイセル（東証一部上場）,https://www.daicel.com/,https://employment.en-japan.com/desc_1040366/?PK=10E18D&arearoute=1,東京都新宿区西新宿6-5-1　新宿アイランドタワー,エン・ジャパン株式会社　エン エージェント,enagent-info@en-japan.com,
ミネベアミツミ株式会社（東証一部上場）,http://www.minebeamitsumi.com/,https://employment.en-japan.com/desc_1040369/?PK=10E18D&arearoute=1,東京都新宿区西新宿6-5-1　新宿アイランドタワー,エン・ジャパン株式会社　エン エージェント,enagent-info@en-japan.com,
株式会社リガク,https://www.rigaku.com/ja,https://employment.en-japan.com/desc_1040435/?PK=10E18D&arearoute=1,東京都新宿区西新宿6-5-1　新宿アイランドタワー,エン・ジャパン株式会社　エン エージェント,enagent-info@en-japan.com,
株式会社リガク,https://www.rigaku.com/ja,https://employment.en-japan.com/desc_1040436/?PK=10E18D&arearoute=1,東京都新宿区西新宿6-5-1　新宿アイランドタワー,エン・ジャパン株式会社　エン エージェント,enagent-info@en-japan.com,
日信工業株式会社（東証一部上場）,http://www.nissinkogyo.co.jp/,https://employment.en-japan.com/desc_1040448/?PK=10E18D&arearoute=1,東京都新宿区西新宿6-5-1　新宿アイランドタワー,■担当部署／担当者 エン・ジャパン株式会社　エン エージェント,enagent-info@en-japan.com,
日信工業株式会社（東証一部上場）,http://www.nissinkogyo.co.jp/,https://employment.en-japan.com/desc_1040449/?PK=10E18D&arearoute=1,東京都新宿区西新宿6-5-1　新宿アイランドタワー,エン・ジャパン株式会社　エン エージェント,enagent-info@en-japan.com,
日信工業株式会社（東証一部上場）,http://www.nissinkogyo.co.jp/,https://employment.en-japan.com/desc_1040450/?PK=10E18D&arearoute=1,東京都新宿区西新宿6-5-1　新宿アイランドタワー,エン・ジャパン株式会社　エン エージェント,enagent-info@en-japan.com,
日信工業株式会社（東証一部上場）,http://www.nissinkogyo.co.jp/,https://employment.en-japan.com/desc_1040452/?PK=10E18D&arearoute=1,東京都新宿区西新宿6-5-1　新宿アイランドタワー,エン・ジャパン株式会社　エン エージェント,enagent-info@en-japan.com,
株式会社大西熱学,https://www.ohnishi.co.jp/product_company.php,https://employment.en-japan.com/desc_1040468/?PK=10E18D&arearoute=1,東京都新宿区西新宿6-5-1　新宿アイランドタワー,エン・ジャパン株式会社　エン エージェント,enagent-info@en-japan.com,
株式会社不二レーベル,https://www.fuji-label.co.jp/,https://employment.en-japan.com/desc_1040474/?PK=10E18D&arearoute=1,東京都新宿区西新宿6-5-1　新宿アイランドタワー,エン・ジャパン株式会社　エン エージェント,enagent-info@en-japan.com,
株式会社不二レーベル,https://www.fuji-label.co.jp/,https://employment.en-japan.com/desc_1040475/?PK=10E18D&arearoute=1,東京都新宿区西新宿6-5-1　新宿アイランドタワー,ｖ,enagent-info@en-japan.com,
八幡電気産業株式会社,http://www.yawatadenki.co.jp/,https://employment.en-japan.com/desc_1040486/?PK=10E18D&arearoute=1,東京都新宿区西新宿6-5-1　新宿アイランドタワー,エン・ジャパン株式会社　エン エージェント,enagent-info@en-japan.com,
八幡電気産業株式会社,http://www.yawatadenki.co.jp/,https://employment.en-japan.com/desc_1040488/?PK=10E18D&arearoute=1,東京都新宿区西新宿6-5-1　新宿アイランドタワー,エン・ジャパン株式会社　エン エージェント,enagent-info@en-japan.com,
アトムメディカル株式会社,https://www.atomed.co.jp/,https://employment.en-japan.com/desc_1040494/?PK=10E18D&arearoute=1,東京都新宿区西新宿6-5-1　新宿アイランドタワー,エン・ジャパン株式会社　エン エージェント,enagent-info@en-japan.com,
ガデリウス・ホールディング株式会社,http://www.gadelius.com/,https://employment.en-japan.com/desc_1040528/?PK=10E18D&arearoute=1,東京都新宿区西新宿6-5-1　新宿アイランドタワー,エン・ジャパン株式会社　エン エージェント,enagent-info@en-japan.com,
パーソルR&D株式会社,https://www.persol-rd.co.jp/,https://employment.en-japan.com/desc_1040535/?PK=10E18D&arearoute=1,東京都新宿区西新宿6-5-1　新宿アイランドタワー,エン・ジャパン株式会社　エン エージェント,enagent-info@en-japan.com,
マブチモーター株式会社,https://www.mabuchi-motor.co.jp/,https://employment.en-japan.com/desc_1040544/?PK=10E18D&arearoute=1,東京都新宿区西新宿6-5-1　新宿アイランドタワー,エン・ジャパン株式会社　エン エージェント,enagent-info@en-japan.com,
伊藤忠マシンテクノス株式会社,https://www.itcmt.co.jp,https://employment.en-japan.com/desc_1040549/?PK=10E18D&arearoute=1,東京都新宿区西新宿6-5-1　新宿アイランドタワー,エン・ジャパン株式会社　エン エージェント,enagent-info@en-japan.com,
株式会社工進,https://www.koshin-ltd.jp/,https://employment.en-japan.com/desc_1040601/?PK=4E785F&arearoute=1,東京都新宿区西新宿6-5-1　新宿アイランドタワー,エン・ジャパン株式会社　エン エージェント,enagent-info@en-japan.com,
株式会社中村自工,https://www.najico.co.jp/,https://employment.en-japan.com/desc_1040605/?PK=4E785F&arearoute=1,東京都新宿区西新宿6-5-1　新宿アイランドタワー,エン・ジャパン株式会社　エン エージェント,enagent-info@en-japan.com,
株式会社東陽テクニカ（東証一部上場）,http://www.toyo.co.jp/,https://employment.en-japan.com/desc_1040608/?PK=4E785F&arearoute=1,東京都新宿区西新宿6-5-1　新宿アイランドタワー,エン・ジャパン株式会社　エン エージェント,enagent-info@en-japan.com,
三菱マテリアル株式会社（東証一部上場）,https://www.mmc.co.jp/corporate/ja/,https://employment.en-japan.com/desc_1040615/?PK=4E785F&arearoute=1,東京都新宿区西新宿6-5-1　新宿アイランドタワー,エン・ジャパン株式会社　エン エージェント,enagent-info@en-japan.com,
住友電気工業株式会社 大阪本社（東証一部上場）,http://www.sei.co.jp/,https://employment.en-japan.com/desc_1040618/?PK=4E785F&arearoute=1,東京都新宿区西新宿6-5-1　新宿アイランドタワー,エン・ジャパン株式会社　エン エージェント,enagent-info@en-japan.com,
太陽誘電株式会社（東証一部上場）,https://www.yuden.co.jp,https://employment.en-japan.com/desc_1040629/?PK=4E785F&arearoute=1,東京都新宿区西新宿6-5-1　新宿アイランドタワー,エン・ジャパン株式会社　エン エージェント,enagent-info@en-japan.com,
電元社トーア株式会社,http://www.dengenshatoa.co.jp/company/,https://employment.en-japan.com/desc_1040634/?PK=4E785F&arearoute=1,東京都新宿区西新宿6-5-1　新宿アイランドタワー,エン・ジャパン株式会社　エン エージェント,enagent-info@en-japan.com,
武蔵エンジニアリング株式会社,http://www.musashi-engineering.co.jp/,https://employment.en-japan.com/desc_1040641/?PK=4E785F&arearoute=1,東京都新宿区西新宿6-5-1　新宿アイランドタワー,エン・ジャパン株式会社　エン エージェント,enagent-info@en-japan.com,
三和化研工業株式会社,https://www.sanwakaken.co.jp/,https://employment.en-japan.com/desc_1036029/?PK=4E785F&arearoute=1,本社／〒581-0039 大阪府八尾市太田新町2-41,採用担当,,
豊田乳業株式会社,http://www.toyota-nyugyo.co.jp/index.html,https://employment.en-japan.com/desc_1039578/?PK=4E785F&arearoute=1,愛知県豊田市白山町七曲12番地788,採用担当,0565-31-0478,
新成加工株式会社,http://www.sinseikakou.com,https://employment.en-japan.com/desc_1038367/?PK=4E785F&arearoute=1,【本社】/〒566-0022/大阪府摂津市三島2-1-45,採用担当,06-6317-5511,
北菱冷熱株式会社,http://www.hokuryo-reinetsu.co.jp/,https://employment.en-japan.com/desc_1038602/?PK=4E785F&arearoute=1,＜本社＞/〒107-0052/東京都港区赤坂2-16-9,採用担当,03-3584-7110,
K・Sグループ,http://fuji-plus.com/,https://employment.en-japan.com/desc_1039136/?PK=4E785F&arearoute=1,今回のK・Sグループの合同募集の応募受付は、加藤石油株式会社が行ないます。//■加藤石油株式会社／本社/〒343-0041/埼玉県越谷市千間台西2丁目5番地7,採用担当,048-976-2111,
甲南ユーテイリテイ株式会社,http://www.kucl.com,https://employment.en-japan.com/desc_1039791/?PK=4E785F&arearoute=1,東京都新宿区西新宿6-5-1　新宿アイランドタワー,エン・ジャパン株式会社　エン エージェント,enagent-info@en-japan.com,
AGC株式会社（東証一部上場）,https://www.agc.com/index.html,https://employment.en-japan.com/desc_1040296/?PK=4E785F&arearoute=1,東京都新宿区西新宿6-5-1　新宿アイランドタワー,エン・ジャパン株式会社　エン エージェント,enagent-info@en-japan.com,
株式会社ダイセル（東証一部上場）,https://www.daicel.com/,https://employment.en-japan.com/desc_1040362/?PK=4E785F&arearoute=1,東京都新宿区西新宿6-5-1　新宿アイランドタワー,エン・ジャパン株式会社　エン エージェント,enagent-info@en-japan.com,
株式会社ダイセル（東証一部上場）,https://www.daicel.com/,https://employment.en-japan.com/desc_1040364/?PK=4E785F&arearoute=1,東京都新宿区西新宿6-5-1　新宿アイランドタワー,エン・ジャパン株式会社　エン エージェント,enagent-info@en-japan.com,
株式会社アーキビルド,https://www.archibuild.co.jp/,https://employment.en-japan.com/desc_1040565/?PK=4E785F&arearoute=1,東京都新宿区西新宿6-5-1　新宿アイランドタワー,エン・ジャパン株式会社　エン エージェント,enagent-info@en-japan.com,
トータルエアーサービス株式会社,http://www.tas-co.com/,https://employment.en-japan.com/desc_1039567/?PK=4E785F&arearoute=1,【本社/千葉営業所】/〒263-0014　千葉県稲毛区作草部町1012-5,採用担当,043-207-1777,
富士シート株式会社,https://www.fujiseat.co.jp/recruit_top,https://employment.en-japan.com/desc_1040006/?PK=4E785F&arearoute=1,＜本社工場　管理統括部 総務人事課＞/〒561-0814/大阪府豊中市豊南町東2-4-6,採用担当,06-6332-3331,
旭化成アミダス株式会社 守山事業所,https://www.amidas.co.jp/job/seisan/index.php,https://employment.en-japan.com/desc_1028187/?PK=4E785F&arearoute=1,【守山事業所】〒524-0002/滋賀県守山市小島町515（旭化成守山製造所内）,二宮,077-581-4020／0120-85-4622,
庄司電気株式会社,http://www.shoji-elc.co.jp/index.html,https://employment.en-japan.com/desc_1036838/?PK=4E785F&arearoute=1,【本社】/〒142-0043/東京都品川区二葉2-17-2,採用担当,03-5498-2161,
株式会社ヤマモト,http://www.yamamoto-corp.jp/,https://employment.en-japan.com/desc_1037707/?PK=4E785F&arearoute=1,【本社】京都府亀岡市保津町上火無66-2,総務課・下尾 加奈子,0771-25-1451,yamamoto-recruit@yamamoto-corp.jp
株式会社Work Prime Contract,https://www.wpc.co.jp/,https://employment.en-japan.com/desc_1037909/?PK=4E785F&arearoute=1,【本社】/〒105-0004/東京都港区新橋4-31-3　第3名和ビル6階,採用担当,050-6865-4423,
吉野石膏株式会社,https://yoshino-gypsum.com/,https://employment.en-japan.com/desc_1038094/?PK=4E785F&arearoute=1,《三河工場》/〒441-8074/愛知県豊橋市明海町4-35,採用担当：込山・仲西,0532-23-3151(代表番号),
株式会社ダイヤモンドパーソネル 西日本支社,http://www.diamondpersonnel.co.jp/,https://employment.en-japan.com/desc_1038282/?PK=4E785F&arearoute=1,【西日本支社】〒661-0976/兵庫県尼崎市潮江1-2-6　尼崎フロントビル5階,太田・望月,06-6491-2783,
NGKエレクトロデバイス株式会社,http://www.ngked.co.jp/,https://employment.en-japan.com/desc_1039393/?PK=4E785F&arearoute=1,東京都新宿区西新宿6-5-1　新宿アイランドタワー,エン・ジャパン株式会社　エン エージェント,enagent-info@en-japan.com,
キオクシア株式会社,https://www.kioxia.com/ja-jp/top.html,https://employment.en-japan.com/desc_1039405/?PK=4E785F&arearoute=1,東京都新宿区西新宿6-5-1　新宿アイランドタワー,エン・ジャパン株式会社　エン エージェント,enagent-info@en-japan.com,
キオクシア株式会社,https://www.kioxia.com/ja-jp/top.html,https://employment.en-japan.com/desc_1039406/?PK=4E785F&arearoute=1,東京都新宿区西新宿6-5-1　新宿アイランドタワー,エン・ジャパン株式会社　エン エージェント,enagent-info@en-japan.com,
株式会社ショーワ（東証一部上場）,http://www.showa1.com/,https://employment.en-japan.com/desc_1039419/?PK=4E785F&arearoute=1,東京都新宿区西新宿6-5-1　新宿アイランドタワー,エン・ジャパン株式会社　ショーワ採用事務局,sss-info@en-japan.com,
株式会社ショーワ（東証一部上場）,http://www.showa1.com/,https://employment.en-japan.com/desc_1039420/?PK=4E785F&arearoute=1,東京都新宿区西新宿6-5-1　新宿アイランドタワー,エン・ジャパン株式会社　ショーワ採用事務局,sss-info@en-japan.com,
I-PEX島根株式会社,,https://employment.en-japan.com/desc_1039421/?PK=4E785F&arearoute=1,東京都新宿区西新宿6-5-1　新宿アイランドタワー,エン・ジャパン株式会社　エン エージェント,enagent-info@en-japan.com,
シンフォニアテクノロジー株式会社,http://www.sinfo-t.jp/,https://employment.en-japan.com/desc_1039455/?PK=4E785F&arearoute=1,東京都新宿区西新宿6-5-1　新宿アイランドタワー,エン・ジャパン株式会社　エン エージェント,enagent-info@en-japan.com,
セントラル電子制御株式会社,http://www.sdsg.co.jp/,https://employment.en-japan.com/desc_1039458/?PK=4E785F&arearoute=1,東京都新宿区西新宿6-5-1　新宿アイランドタワー,エン・ジャパン株式会社　エン エージェント,enagent-info@en-japan.com,
株式会社MOA,https://www.moa-corp.com/,https://employment.en-japan.com/desc_1039501/?PK=4E785F&arearoute=1,東京都新宿区西新宿6-5-1　新宿アイランドタワー,エン・ジャパン株式会社　エン エージェント,enagent-info@en-japan.com,
株式会社MARUWA（東証一部上場）,https://www.maruwa-g.com,https://employment.en-japan.com/desc_1039530/?PK=4E785F&arearoute=1,東京都新宿区西新宿6-5-1　新宿アイランドタワー,エン・ジャパン株式会社　エン エージェント,enagent-info@en-japan.com,
能美防災株式会社（東証一部上場）,https://www.nohmi.co.jp/,https://employment.en-japan.com/desc_1039549/?PK=4E785F&arearoute=1,東京都新宿区西新宿6-5-1　新宿アイランドタワー,エン・ジャパン株式会社　エン エージェント,enagent-info@en-japan.com,
株式会社椿本チエイン（東証一部上場）,http://www.tsubakimoto.jp/,https://employment.en-japan.com/desc_1039557/?PK=4E785F&arearoute=1,東京都新宿区西新宿6-5-1　新宿アイランドタワー,エン・ジャパン株式会社　エン エージェント,enagent-info@en-japan.com,
阪和興業株式会社（東証一部上場）,https://www.hanwa.co.jp/,https://employment.en-japan.com/desc_1039581/?PK=4E785F&arearoute=1,東京都新宿区西新宿6-5-1　新宿アイランドタワー,エン・ジャパン株式会社　エン エージェント,enagent-info@en-japan.com,
阪和興業株式会社（東証一部上場）,https://www.hanwa.co.jp/,https://employment.en-japan.com/desc_1039583/?PK=4E785F&arearoute=1,東京都新宿区西新宿6-5-1　新宿アイランドタワー,エン・ジャパン株式会社　エン エージェント,enagent-info@en-japan.com,
阪和興業株式会社（東証一部上場）,https://www.hanwa.co.jp/,https://employment.en-japan.com/desc_1039584/?PK=4E785F&arearoute=1,東京都新宿区西新宿6-5-1　新宿アイランドタワー,エン・ジャパン株式会社　エン エージェント,enagent-info@en-japan.com,
株式会社シバックス,http://sivax.co.jp,https://employment.en-japan.com/desc_1039587/?PK=4E785F&arearoute=1,東京都新宿区西新宿6-5-1　新宿アイランドタワー,エン・ジャパン株式会社　エン エージェント,enagent-info@en-japan.com,
株式会社ニッキ（東証二部上場）,http://www.nikkinet.co.jp/,https://employment.en-japan.com/desc_1039594/?PK=4E785F&arearoute=1,東京都新宿区西新宿6-5-1　新宿アイランドタワー,エン・ジャパン株式会社　エン エージェント,enagent-info@en-japan.com,
株式会社ニッキ（東証二部上場）,http://www.nikkinet.co.jp/,https://employment.en-japan.com/desc_1039595/?PK=4E785F&arearoute=1,東京都新宿区西新宿6-5-1　新宿アイランドタワー,エン・ジャパン株式会社　エン エージェント,enagent-info@en-japan.com,
空研工業株式会社,https://www.kuken.com/,https://employment.en-japan.com/desc_1039610/?PK=4E785F&arearoute=1,東京都新宿区西新宿6-5-1　新宿アイランドタワー,エン・ジャパン株式会社　エン エージェント,enagent-info@en-japan.com,
株式会社TJMデザイン,https://www.tjmdesign.com,https://employment.en-japan.com/desc_1039710/?PK=4E785F&arearoute=1,東京都新宿区西新宿6-5-1　新宿アイランドタワー,エン・ジャパン株式会社　TJMデザイン採用事務局,sss-info@en-japan.com,
トーテックアメニティ株式会社,https://www.totec.jp/index.html,https://employment.en-japan.com/desc_1039870/?PK=4E785F&arearoute=1,東京都新宿区西新宿6-5-1　新宿アイランドタワー,エン・ジャパン株式会社　エン エージェント,enagent-info@en-japan.com,
ユビキタス・テクノロジーズ株式会社,https://www.ubiquitous-tech.com/corporate/,https://employment.en-japan.com/desc_1039891/?PK=4E785F&arearoute=1,東京都新宿区西新宿6-5-1　新宿アイランドタワー,エン・ジャパン株式会社　エン エージェント,enagent-info@en-japan.com,
株式会社エスユーエス（東証マザーズ上場）,https://www.sus-g.co.jp/,https://employment.en-japan.com/desc_1039941/?PK=4E785F&arearoute=1,東京都新宿区西新宿6-5-1　新宿アイランドタワー,エン・ジャパン株式会社　エン エージェント,enagent-info@en-japan.com,
住友重機械イオンテクノロジー株式会社,https://shi-ion.jp/,https://employment.en-japan.com/desc_1040160/?PK=371190&arearoute=1,東京都新宿区西新宿6-5-1　新宿アイランドタワー,エン・ジャパン株式会社　エン エージェント,enagent-info@en-japan.com,
大阪シーリング印刷株式会社,https://www.osp.co.jp/,https://employment.en-japan.com/desc_1040166/?PK=371190&arearoute=1,東京都新宿区西新宿6-5-1　新宿アイランドタワー,エン・ジャパン株式会社　エン エージェント,enagent-info@en-japan.com,
日機装株式会社（東証一部上場）,http://www.nikkiso.co.jp/,https://employment.en-japan.com/desc_1040216/?PK=371190&arearoute=1,東京都新宿区西新宿6-5-1　新宿アイランドタワー,エン・ジャパン株式会社　エン エージェント,enagent-info@en-japan.com,
日本信号株式会社（東証一部上場）,http://www.signal.co.jp/,https://employment.en-japan.com/desc_1040222/?PK=371190&arearoute=1,東京都新宿区西新宿6-5-1　新宿アイランドタワー,エン・ジャパン株式会社　エン エージェント,enagent-info@en-japan.com,
有限会社ブイリンク,http://www.vlink-ltd.jp/,https://employment.en-japan.com/desc_1040238/?PK=371190&arearoute=1,東京都新宿区西新宿6-5-1　新宿アイランドタワー,エン・ジャパン株式会社　エン エージェント,enagent-info@en-japan.com,
日鉄建材株式会社,https://www.ns-kenzai.co.jp/corporate.html,https://employment.en-japan.com/desc_1034304/?PK=371190&arearoute=1,＜本社＞/〒101-0021	/東京都千代田区外神田4-14-1 秋葉原UDX 13階,採用担当,03-6625-6000,
株式会社マリオット・マーキーズ,http://www.marquis.co.jp/,https://employment.en-japan.com/desc_1038316/?PK=371190&arearoute=1,【本社】/〒130-0025/東京都墨田区千歳2-4-12,採用担当,03-5600-2710(代表),
UTパベック株式会社,http://www.ut-pabec.co.jp/,https://employment.en-japan.com/desc_1039157/?PK=371190&arearoute=1,〒570-0052/大阪府守口市松下町1番1号,採用担当,0120-719-060,
学校法人電子学園 日本電子専門学校,https://www.jec.ac.jp/,https://employment.en-japan.com/desc_1039462/?PK=371190&arearoute=1,東京都新宿区西新宿6-5-1　新宿アイランドタワー,エン・ジャパン株式会社　エン エージェント,enagent-info@en-japan.com,
有限会社クマテクノロジー,http://kuma-tech.net/index.html,https://employment.en-japan.com/desc_1040014/?PK=371190&arearoute=1,◆本社/〒134-0084/東京都江戸川区東葛西6-6-12 木下ビル402,採用担当,03-5879-9216,
鉱研工業株式会社（JASDAQ上場）,https://www.koken-boring.co.jp/,https://employment.en-japan.com/desc_1038141/?PK=371190&arearoute=1,本社／〒171-8572　東京都豊島区高田2‐17‐22 目白中野ビル1F,採用担当,03-6907-7517,saiyo@koken-boring.co.jp
SUBARUテクノ株式会社,https://www.subaru-tec.co.jp/index.html,https://employment.en-japan.com/desc_1038588/?PK=371190&arearoute=1,東京都新宿区西新宿6-5-1　新宿アイランドタワー,エン・ジャパン株式会社　 SUBARUテクノ採用事務局,sss-info@en-japan.com,
株式会社ウイルテック,https://www.willtec.jp,https://employment.en-japan.com/desc_1038658/?PK=371190&arearoute=1,【大阪キャリア開発センター】/〒530-0015/大阪府大阪市北区中崎西2-4-12　梅田センタービル 3F,採用担当,0120-596-788,
株式会社デンソーウェーブ,https://www.denso-wave.com/ja/,https://employment.en-japan.com/desc_1038756/?PK=371190&arearoute=1,東京都新宿区西新宿6-5-1　新宿アイランドタワー,エン・ジャパン株式会社　エン エージェント,enagent-info@en-japan.com,
カワサキロボットサービス株式会社,https://www.khi.co.jp/corp/krs/,https://employment.en-japan.com/desc_1038773/?PK=371190&arearoute=1,東京都新宿区西新宿6-5-1新宿アイランドタワー,エン・ジャパン株式会社　エン エージェント,enagent-info@en-japan.com,
ミクニキカイ株式会社,http://mikunikikai.com/,https://employment.en-japan.com/desc_1038777/?PK=371190&arearoute=1,東京都新宿区西新宿6-5-1　新宿アイランドタワー,エン・ジャパン株式会社　エン エージェント,enagent-info@en-japan.com,
応用電機株式会社,https://www.oyoe.co.jp/index.html,https://employment.en-japan.com/desc_1038786/?PK=371190&arearoute=1,東京都新宿区西新宿6-5-1　新宿アイランドタワー,エン・ジャパン株式会社　エン エージェント,enagent-info@en-japan.com,
フジテック株式会社（東証一部上場）,https://www.fujitec.co.jp/,https://employment.en-japan.com/desc_1038789/?PK=371190&arearoute=1,東京都新宿区西新宿6-5-1　新宿アイランドタワー,エン・ジャパン株式会社　エン エージェント,enagent-info@en-japan.com,
応用電機株式会社,https://www.oyoe.co.jp/index.html,https://employment.en-japan.com/desc_1038790/?PK=371190&arearoute=1,東京都新宿区西新宿6-5-1　新宿アイランドタワー,エン・ジャパン株式会社　エン エージェント,enagent-info@en-japan.com,
応用電機株式会社,https://www.oyoe.co.jp/index.html,https://employment.en-japan.com/desc_1038793/?PK=371190&arearoute=1,東京都新宿区西新宿6-5-1　新宿アイランドタワー,エン・ジャパン株式会社　エン エージェント,enagent-info@en-japan.com,
シンフォニアテクノロジー株式会社,http://www.sinfo-t.jp/,https://employment.en-japan.com/desc_1038821/?PK=371190&arearoute=1,東京都新宿区西新宿6-5-1　新宿アイランドタワー,エン・ジャパン株式会社　エン エージェント,enagent-info@en-japan.com,
シーホネンス株式会社,http://www.seahonence.co.jp/index.html,https://employment.en-japan.com/desc_1038834/?PK=371190&arearoute=1,東京都新宿区西新宿6-5-1　新宿アイランドタワー,エン・ジャパン株式会社　エン エージェント,enagent-info@en-japan.com,
ユニパルス株式会社,http://www.unipulse.com/,https://employment.en-japan.com/desc_1038843/?PK=371190&arearoute=1,東京都新宿区西新宿6-5-1　新宿アイランドタワー,エン・ジャパン株式会社　エン エージェント,enagent-info@en-japan.com,
因幡電機産業株式会社（東証一部上場）,https://www.inaba.co.jp/,https://employment.en-japan.com/desc_1038846/?PK=371190&arearoute=1,東京都新宿区西新宿6-5-1新宿アイランドタワー,エン・ジャパン株式会社　エン エージェント,enagent-info@en-japan.com,
株式会社PALTAC（東証一部上場）,http://www.paltac.co.jp/,https://employment.en-japan.com/desc_1038851/?PK=371190&arearoute=1,東京都新宿区西新宿6-5-1　新宿アイランドタワー,エン・ジャパン株式会社　エン エージェント,enagent-info@en-japan.com,
株式会社PALTAC（東証一部上場）,http://www.paltac.co.jp/,https://employment.en-japan.com/desc_1038852/?PK=371190&arearoute=1,東京都新宿区西新宿6-5-1　新宿アイランドタワー,エン・ジャパン株式会社　エン エージェント,enagent-info@en-japan.com,
株式会社PALTAC（東証一部上場）,http://www.paltac.co.jp/,https://employment.en-japan.com/desc_1038853/?PK=371190&arearoute=1,東京都新宿区西新宿6-5-1　新宿アイランドタワー,エン・ジャパン株式会社　エン エージェント,enagent-info@en-japan.com,
株式会社PALTAC（東証一部上場）,http://www.paltac.co.jp/,https://employment.en-japan.com/desc_1038855/?PK=371190&arearoute=1,東京都新宿区西新宿6-5-1　新宿アイランドタワー,エン・ジャパン株式会社　エン エージェント,enagent-info@en-japan.com,
株式会社PALTAC（東証一部上場）,http://www.paltac.co.jp/,https://employment.en-japan.com/desc_1038856/?PK=371190&arearoute=1,東京都新宿区西新宿6-5-1　新宿アイランドタワー,エン・ジャパン株式会社　エン エージェント,enagent-info@en-japan.com,
株式会社PALTAC（東証一部上場）,http://www.paltac.co.jp/,https://employment.en-japan.com/desc_1038857/?PK=371190&arearoute=1,東京都新宿区西新宿6-5-1　新宿アイランドタワー,エン・ジャパン株式会社　エン エージェント,enagent-info@en-japan.com,
株式会社PALTAC（東証一部上場）,http://www.paltac.co.jp/,https://employment.en-japan.com/desc_1038858/?PK=371190&arearoute=1,東京都新宿区西新宿6-5-1　新宿アイランドタワー,エン・ジャパン株式会社　エン エージェント,enagent-info@en-japan.com,
株式会社ダイフク（東証一部上場）,http://www.daifuku.co.jp/,https://employment.en-japan.com/desc_1038882/?PK=371190&arearoute=1,東京都新宿区西新宿6-5-1　新宿アイランドタワー,エン・ジャパン株式会社　エン エージェント,enagent-info@en-japan.com,
株式会社ダイフク（東証一部上場）,http://www.daifuku.co.jp/,https://employment.en-japan.com/desc_1038887/?PK=371190&arearoute=1,東京都新宿区西新宿6-5-1　新宿アイランドタワー,エン・ジャパン株式会社　エン エージェント,enagent-info@en-japan.com,
株式会社ダイフク（東証一部上場）,http://www.daifuku.co.jp/,https://employment.en-japan.com/desc_1038891/?PK=371190&arearoute=1,東京都新宿区西新宿6-5-1新宿アイランドタワー,エン・ジャパン株式会社　エン エージェント,enagent-info@en-japan.com,
株式会社ホリゾン,https://www.horizon.co.jp/,https://employment.en-japan.com/desc_1038908/?PK=371190&arearoute=1,東京都新宿区西新宿6-5-1　新宿アイランドタワー,エン・ジャパン株式会社　エン エージェント,enagent-info@en-japan.com,
株式会社ホリゾン,https://www.horizon.co.jp/,https://employment.en-japan.com/desc_1038909/?PK=371190&arearoute=1,東京都新宿区西新宿6-5-1　新宿アイランドタワー,エン・ジャパン株式会社　エン エージェント,enagent-info@en-japan.com,
株式会社エリオニクス,https://www.elionix.co.jp/,https://employment.en-japan.com/desc_1038923/?PK=371190&arearoute=1,東京都新宿区西新宿6-5-1　新宿アイランドタワー,エン・ジャパン株式会社　エン エージェント,enagent-info@en-japan.com,
株式会社サンダイヤ,http://www.sundia.co.jp/,https://employment.en-japan.com/desc_1038929/?PK=371190&arearoute=1,東京都新宿区西新宿6-5-1　新宿アイランドタワー,エン・ジャパン株式会社　エン エージェント,enagent-info@en-japan.com,
株式会社ヒラノテクシード（東証二部上場）,https://www.hirano-tec.co.jp/,https://employment.en-japan.com/desc_1038933/?PK=371190&arearoute=1,東京都新宿区西新宿6-5-1　新宿アイランドタワー,エン・ジャパン株式会社　エン エージェント,enagent-info@en-japan.com,
栃木トヨタ自動車株式会杜,https://www.tochigitoyota.com/corporate,https://employment.en-japan.com/desc_1038949/?PK=371190&arearoute=1,東京都新宿区西新宿6-5-1　新宿アイランドタワー,エン・ジャパン株式会社　エン エージェント,enagent-info@en-japan.com,
鈴茂器工株式会社（東証JASDAQ上場）,http://www.suzumo.co.jp/,https://employment.en-japan.com/desc_1038969/?PK=371190&arearoute=1,東京都新宿区西新宿6-5-1　新宿アイランドタワー,エン・ジャパン株式会社　エン エージェント,enagent-info@en-japan.com,
鈴茂器工株式会社（東証JASDAQ上場）,http://www.suzumo.co.jp/,https://employment.en-japan.com/desc_1038970/?PK=371190&arearoute=1,東京都新宿区西新宿6-5-1　新宿アイランドタワー,エン・ジャパン株式会社　エン エージェント,enagent-info@en-japan.com,
株式会社寺岡精工,http://www.teraokaseiko.com/,https://employment.en-japan.com/desc_1038982/?PK=371190&arearoute=1,東京都新宿区西新宿6-5-1　新宿アイランドタワー,エン・ジャパン株式会社　エン エージェント,enagent-info@en-japan.com,
カンセンエキスパンダー工業株式会社,https://kansenexp.co.jp/,https://employment.en-japan.com/desc_1036398/?PK=371190&arearoute=1,【本社】/〒573-0094　大阪府枚方市南中振2-31-3,採用担当,072-831-7321,
株式会社アクセル,http://accel-qcmd.com,https://employment.en-japan.com/desc_1016568/?PK=371190&arearoute=1,【本社】/〒460-0003/愛知県名古屋市中区錦1-6-36 N.A.Pビル6F,澤田,0120-790-865,
ソニー株式会社（東証一部上場）,http://www.sony.co.jp/,https://employment.en-japan.com/desc_1038095/?PK=371190&arearoute=1,東京都新宿区西新宿6-5-1　新宿アイランドタワー,エン・ジャパン株式会社　エン エージェント,enagent-info@en-japan.com,
キオクシア株式会社,https://www.kioxia.com/ja-jp/top.html,https://employment.en-japan.com/desc_1038108/?PK=371190&arearoute=1,東京都新宿区西新宿6-5-1　新宿アイランドタワー,エン・ジャパン株式会社　エン エージェント,enagent-info@en-japan.com,
キオクシア株式会社,https://www.kioxia.com/ja-jp/top.html,https://employment.en-japan.com/desc_1038109/?PK=371190&arearoute=1,東京都新宿区西新宿6-5-1　新宿アイランドタワー,エン・ジャパン株式会社　エン エージェント,enagent-info@en-japan.com,
キオクシア株式会社,https://www.kioxia.com/ja-jp/top.html,https://employment.en-japan.com/desc_1038110/?PK=371190&arearoute=1,東京都新宿区西新宿6-5-1　新宿アイランドタワー,エン・ジャパン株式会社　エン エージェント,enagent-info@en-japan.com,
トーテックアメニティ株式会社,https://www.totec.jp/index.html,https://employment.en-japan.com/desc_1038153/?PK=3AE500&arearoute=1,東京都新宿区西新宿6-5-1　新宿アイランドタワー,エン・ジャパン株式会社　エン エージェント,enagent-info@en-japan.com,
株式会社ケーヒン（東証一部上場）,https://www.keihin-corp.co.jp/,https://employment.en-japan.com/desc_1038213/?PK=3AE500&arearoute=1,東京都新宿区西新宿6-5-1　新宿アイランドタワー,エン・ジャパン株式会社　エン エージェント,enagent-info@en-japan.com,
株式会社椿本チエイン（東証一部上場）,http://www.tsubakimoto.jp/,https://employment.en-japan.com/desc_1038214/?PK=3AE500&arearoute=1,東京都新宿区西新宿6-5-1　新宿アイランドタワー,エン・ジャパン株式会社　エン エージェント,enagent-info@en-japan.com,
株式会社椿本チエイン（東証一部上場）,http://www.tsubakimoto.jp/,https://employment.en-japan.com/desc_1038216/?PK=3AE500&arearoute=1,東京都新宿区西新宿6-5-1　新宿アイランドタワー,エン・ジャパン株式会社　エン エージェント,enagent-info@en-japan.com,
NPW横浜株式会社,https://npwy.co.jp/,https://employment.en-japan.com/desc_1038455/?PK=3AE500&arearoute=1,東京都新宿区西新宿6-5-1　新宿アイランドタワー,エン・ジャパン株式会社　エン エージェント,enagent-info@en-japan.com,
SUBARUテクノ株式会社,https://www.subaru-tec.co.jp/index.html,https://employment.en-japan.com/desc_1038460/?PK=3AE500&arearoute=1,東京都新宿区西新宿6-5-1　新宿アイランドタワー,エン・ジャパン株式会社　 SUBARUテクノ採用事務局,sss-info@en-japan.com,
アイダエンジニアリング株式会社（東証一部上場）,http://www.aida.co.jp/index.html,https://employment.en-japan.com/desc_1038465/?PK=3AE500&arearoute=1,東京都新宿区西新宿6-5-1　新宿アイランドタワー,エン・ジャパン株式会社　エン エージェント,enagent-info@en-japan.com,
サンライズ工業株式会社,https://www.sunrise.gr.jp/index.html,https://employment.en-japan.com/desc_1038599/?PK=3AE500&arearoute=1,東京都新宿区西新宿6-5-1　新宿アイランドタワー,エン・ジャパン株式会社　エン エージェント,enagent-info@en-japan.com,
シーキューブ株式会社,http://www.c-cube-g.co.jp/,https://employment.en-japan.com/desc_1038608/?PK=3AE500&arearoute=1,東京都新宿区西新宿6-5-1　新宿アイランドタワー,エン・ジャパン株式会社　エン エージェント,enagent-info@en-japan.com,
タグチ工業株式会社,https://taguchi-kogyo.com/,https://employment.en-japan.com/desc_1038622/?PK=3AE500&arearoute=1,東京都新宿区西新宿6-5-1　新宿アイランドタワー,エン・ジャパン株式会社　エン エージェント,enagent-info@en-japan.com,
ミネベアミツミ株式会社（東証一部上場）,http://www.minebeamitsumi.com/,https://employment.en-japan.com/desc_1038640/?PK=3AE500&arearoute=1,東京都新宿区西新宿6-5-1　新宿アイランドタワー,エン・ジャパン株式会社　エン エージェント,enagent-info@en-japan.com,
旭化成株式会社（東証一部上場）,https://www.asahi-kasei.co.jp/asahi/jp/,https://employment.en-japan.com/desc_1038645/?PK=3AE500&arearoute=1,東京都新宿区西新宿6-5-1　新宿アイランドタワー,エン・ジャパン株式会社　エン エージェント,enagent-info@en-japan.com,
株式会社CJVインターナショナル,http://www.cjv.co.jp/#top,https://employment.en-japan.com/desc_1038653/?PK=3AE500&arearoute=1,東京都新宿区西新宿6-5-1　新宿アイランドタワー,エン・ジャパン株式会社　エン エージェント,enagent-info@en-japan.com,
株式会社BEX,http://www.bex-inc.com/,https://employment.en-japan.com/desc_1038654/?PK=3AE500&arearoute=1,東京都新宿区西新宿6-5-1　新宿アイランドタワー,エン・ジャパン株式会社　エン エージェント,enagent-info@en-japan.com,
出光興産株式会社（東証一部上場）,http://www.idemitsu.co.jp/,https://employment.en-japan.com/desc_1038707/?PK=3AE500&arearoute=1,東京都新宿区西新宿6-5-1新宿アイランドタワー,エン・ジャパン株式会社　エン エージェント,enagent-info@en-japan.com,
住友電気工業株式会社 大阪本社（東証一部上場）,http://www.sei.co.jp/,https://employment.en-japan.com/desc_1038709/?PK=3AE500&arearoute=1,東京都新宿区西新宿6-5-1　新宿アイランドタワー,エン・ジャパン株式会社　エン エージェント,enagent-info@en-japan.com,
株式会社ホリゾン,https://www.horizon.co.jp/,https://employment.en-japan.com/desc_1038730/?PK=3AE500&arearoute=1,東京都新宿区西新宿6-5-1新宿アイランドタワー,エン・ジャパン株式会社　エン エージェント,enagent-info@en-japan.com,
株式会社シークス,http://www.seeks.co.jp/,https://employment.en-japan.com/desc_1038749/?PK=3AE500&arearoute=1,東京都新宿区西新宿6-5-1　新宿アイランドタワー,エン・ジャパン株式会社　エン エージェント,enagent-info@en-japan.com,
株式会社ホソヤ,http://www.k-hosoya.co.jp/,https://employment.en-japan.com/desc_1036073/?PK=3AE500&arearoute=1,【本社】/〒252-1115　神奈川県綾瀬市落合南6-8-37,採用担当,0467-78-1881,
日本空調サービス工業株式会社,http://www.nk-web.co.jp/,https://employment.en-japan.com/desc_1036394/?PK=3AE500&arearoute=1,【本社】/〒113-0034/東京都文京区湯島3-19-4,採用担当者,03-3831-0138,
株式会社エムテックサービス,http://www.m-tec-parking.co.jp,https://employment.en-japan.com/desc_1036834/?PK=3AE500&arearoute=1,本社／〒454-0853　愛知県名古屋市中川区玉船町3丁目1番9号,採用担当,052-654-3939,
フジテック株式会社（東証一部上場）,https://www.fujitec.co.jp/,https://employment.en-japan.com/desc_1036949/?PK=3AE500&arearoute=1,東京都新宿区西新宿6-5-1　新宿アイランドタワー,エン・ジャパン株式会社　エン エージェント,enagent-info@en-japan.com,
カーケアショップキムラ,,https://employment.en-japan.com/desc_1037802/?PK=3AE500&arearoute=1,〒343-0857/埼玉県越谷市新越谷2丁目185-1,木村,048-945-4260、携帯／080-5003-0189　※こちらにおかけ頂いた方が繋がり易いです！,
タツタ電線株式会社（東証一部上場）,http://www.tatsuta.co.jp/,https://employment.en-japan.com/desc_1038128/?PK=3AE500&arearoute=1,東京都新宿区西新宿6-5-1　新宿アイランドタワー,エン・ジャパン株式会社　エン エージェント,enagent-info@en-japan.com,
株式会社クボタ建機ジャパン,http://kubotakenki.co.jp/,https://employment.en-japan.com/desc_1037175/?PK=3AE500&arearoute=1,〒556-0012/大阪市浪速区敷津東一丁目2番47号（株式会社クボタ本社内）,採用担当,06-6648-2120,
大成技研株式会社,http://www.taisei-giken.co.jp/,https://employment.en-japan.com/desc_1035840/?PK=3AE500&arearoute=1,【本社】/〒105-0013/東京都港区浜松町1-10-17 KOYOビル6F,採用担当,03-5473-7751,
大成技研株式会社,http://www.taisei-giken.co.jp/,https://employment.en-japan.com/desc_1035841/?PK=3AE500&arearoute=1,【本社】/〒105-0013/東京都港区浜松町1-10-17 KOYOビル6F,採用担当,03-5473-7751,
株式会社誠工業,http://www.makoto-industry.co.jp/,https://employment.en-japan.com/desc_1036460/?PK=3AE500&arearoute=1,〒454-0824/愛知県名古屋市中川区蔦元町2-47,採用担当,052-353-7887,
株式会社日本オフィスオートメーション,http://www.nihon-oa.com,https://employment.en-japan.com/desc_1036257/?PK=3AE500&arearoute=1,【大阪支店】/〒567-0023/大阪府茨木市西河原2-12-14,採用担当,072-625-6845,
株式会社天昌機電社,http://www.tenshow.jp/,https://employment.en-japan.com/desc_1036173/?PK=3AE500&arearoute=1,＜君津営業所＞/千葉県君津市人見1181,採用担当,0439-55-5512,
株式会社東急トランセ（東急グループ）,http://www.transses.co.jp/,https://employment.en-japan.com/desc_1036266/?PK=3AE500&arearoute=1,【本社】/〒153-8518/東京都目黒区東山三丁目8番1号,採用担当,03-6412-0170,
特許業務法人レクスト国際特許事務所,http://www.lextpat.com/index.html,https://employment.en-japan.com/desc_1037304/?PK=3AE500&arearoute=1,〒162-0801/東京都新宿区山吹町333　江戸川橋アクセス4階,藤村,03-5909-3301,
株式会社イデア,https://www.kk-idea.com/,https://employment.en-japan.com/desc_1034360/?PK=3AE500&arearoute=1,■愛知営業所/〒446-0063/愛知県安城市昭和町17-22 C号室,松下、渡辺,0566-45-6822,
株式会社コクブ精機,http://www.had-ksd.co.jp/kokubu/,https://employment.en-japan.com/desc_1036336/?PK=3AE500&arearoute=1,〒491-0051/【本社工場】愛知県一宮市今伊勢町馬寄字吉田前80-1,採用担当,0586-52-7878,
株式会社ノザキガラス,https://nozaki-glass.com/,https://employment.en-japan.com/desc_1037018/?PK=3AE500&arearoute=1,【本社】/名古屋市中川区中野新町2-43,採用担当,052-352-5321,
株式会社徳信商会,http://www.gaspro.jp,https://employment.en-japan.com/desc_1036325/?PK=3AE500&arearoute=1,【本社】/〒581-0071/八尾市北久宝寺3-1-63,採用担当,072-925-6660,
エム・ティ・エスひかり株式会社,https://fukuko.co.jp/mts/index.html,https://employment.en-japan.com/desc_1036709/?PK=3AE500&arearoute=1,【本社】/〒812-0017/福岡県福岡市博多区美野島３-14-5,高根澤,092-411-0666 ※ご連絡は携帯(採用担当宛)：080-8950-0089までお願いします。,
クマガイ特殊鋼株式会社,http://kumagai-steel.co.jp,https://employment.en-japan.com/desc_1037045/?PK=3AE500&arearoute=1,〒459-8001/愛知県名古屋市緑区大高町字上塩田68,採用担当,052-621-5274,
株式会社メタコ,https://www.metaco.tokyo/,https://employment.en-japan.com/desc_1033496/?PK=3AE500&arearoute=1,■本社/〒106-0032　東京都港区六本木7-3-8 永谷ヒルプラザ六本木203号,採用担当,03-3405-9676,
西日本スターワークス株式会社,https://www.star-w-n.com/,https://employment.en-japan.com/desc_1035644/?PK=3AE500&arearoute=1,【大阪テクニカルセンター】/〒530-0001/大阪府大阪市北区梅田1-3-1　大阪駅前第1ビル7F,採用担当平山,06-6346-2710,
株式会社オータマ,https://www.ohtama.co.jp/,https://employment.en-japan.com/desc_1031985/?PK=3AE500&arearoute=1,【本社】/〒206-0811/東京都稲城市押立1744番地,採用担当,042-377-4322,
株式会社昭和サイエンス,https://www.ssvi.co.jp/,https://employment.en-japan.com/desc_1034307/?PK=3AE500&arearoute=1,【本社】/〒140-0011/東京都品川区東大井5丁目12番10号（大井朝陽ビル）,採用担当, 03-5781-3300,
アトライズ技研株式会社,http://atrize.com/,https://employment.en-japan.com/desc_1034601/?PK=3AE500&arearoute=1,【本社】/〒231-0004/神奈川県横浜市中区元浜町3-21-2 ヘリオス関内10F,採用担当,045-222-8149,
株式会社ワークス,http://www.work-s.co.jp/index.html,https://employment.en-japan.com/desc_1035360/?PK=3AE500&arearoute=1,【本社】/〒101-0022/東京都千代田区神田練塀町66 ヴィラージュドクロシェビル5F,採用担当,03-5753-9955／070-3284-6440　※携帯電話の方がつながりやすいです！,
株式会社エイトエンジニアリング,http://8eng.co.jp/,https://employment.en-japan.com/desc_1022152/?PK=3AE500&arearoute=1,〒448-0844/愛知県刈谷市広小路4-205,古賀・古川,0566-45-5083,
株式会社セイコウ,http://www.seikou-1983.co.jp/index.html,https://employment.en-japan.com/desc_1022778/?PK=3AE500&arearoute=1,【本社】〒252-0807　神奈川県藤沢市下土棚512-3 猪瀬ビル4F,採用担当 坂井,0466-43-7351,
HPCシステムズ株式会社（マザーズ上場）,https://www.hpc.co.jp/,https://employment.en-japan.com/desc_1023306/?PK=3AE500&arearoute=1,【本社】〒108-0022　東京都港区海岸3-9-15　Loop-X 8階,採用担当,03-5446-5530,
株式会社第一技研,https://www.dig-net.co.jp/,https://employment.en-japan.com/desc_1028253/?PK=3AE500&arearoute=1,【本社 】〒737-0051　広島県呉市中央1丁目5-27,採用担当,0823-32-7366,
株式会社増井技研,https://masui.dc-tec.jp/index.html,https://employment.en-japan.com/desc_1033653/?PK=3AE500&arearoute=1,本社／〒561-0807　大阪府豊中市原田中1丁目3番3号,採用担当,06-6848-2151,info@masui.dc-tec.jp
株式会社ティ・アイ・エス,https://www.tis-web.co.jp,https://employment.en-japan.com/desc_1034900/?PK=F8B8EC&arearoute=1,本社／〒812-0014　福岡県福岡市博多区比恵町3-25,採用担当,092-414-8156,
株式会社テクノスマイル,http://www.technosmile.co.jp/,https://employment.en-japan.com/desc_1036278/?PK=F8B8EC&arearoute=1,愛知本社／愛知県豊田市寿町7-95-1 2階//E-mail/saiyo.e@technosmile.co.jp//【お電話の受付時間帯】/月～金 9:30～20:00／土日 10:00～18:00/※新型コロナウイルス感染症対策のため、/　稼働人数を減らしています。/　繋がりづらい場合があるので、予めご了承ください。,秋田、野々山,0120-499-300,
株式会社テクノスマイル,http://www.technosmile.co.jp/,https://employment.en-japan.com/desc_1036282/?PK=F8B8EC&arearoute=1,愛知本社／愛知県豊田市寿町7-95-1 2階//E-mail/saiyo.e@technosmile.co.jp//【お電話の受付時間帯】/月～金 9:30～20:00／土日 9:30～18:00/※新型コロナウイルス感染症対策のため、/　稼働人数を減らしています。/　繋がりづらい場合があるので、予めご了承ください。,秋田、野々山,0120-499-300,
セコム株式会社,http://www.secom.co.jp/,https://employment.en-japan.com/desc_1030698/?PK=F8B8EC&arearoute=1,【本社】/〒150-0001/東京都渋谷区神宮前1-5-1,採用担当,0120-314-756,recruit3@secom.co.jp
合同会社インテリジェント・ロボット・テクノロジー,http://irt.co.jp/,https://employment.en-japan.com/desc_1032113/?PK=F8B8EC&arearoute=1,本社／東京都品川区西五反田8-4-14 大橋ビル3F,採用担当,03-6421-7100,
株式会社メタコ,https://www.metaco.tokyo/,https://employment.en-japan.com/desc_1033493/?PK=F8B8EC&arearoute=1,■本社/〒106-0032　東京都港区六本木7-3-8 永谷ヒルプラザ六本木203号,採用担当,03-3405-9676,
株式会社テクノジャパン,https://www.techno-japan.co.jp/,https://employment.en-japan.com/desc_1034202/?PK=F8B8EC&arearoute=1,【本社】/〒105-0013/東京都港区浜松町1-10-17 KOYOビル 6F,人事担当　山内,0120-006-884,
京芝テクノ株式会社,,https://employment.en-japan.com/desc_1035198/?PK=F8B8EC&arearoute=1,【本社】〒140-0014/東京都品川区大井1-11-1　大井西銀座ビルD-6F,望月,03-5746-2926,
株式会社ヒューマンウェイブ,http://www.human-wave.co.jp/,https://employment.en-japan.com/desc_1036027/?PK=F8B8EC&arearoute=1,【大阪本社】/〒530-0002/大阪府大阪市北区曽根崎新地1-1-49　滋賀ビル11F,高柳,06-6442-0055,hw-saiyou@human-wave.co.jp
日本瓦斯株式会社（東証一部上場）,http://www.nichigas.co.jp,https://employment.en-japan.com/desc_1036565/?PK=F8B8EC&arearoute=1,本社／東京都渋谷区代々木4-31-8,キャリア採用担当,career@nichigas.co.jp,
株式会社ビーテクノ,https://b-techno.co.jp/,https://employment.en-japan.com/desc_1032196/?PK=F8B8EC&arearoute=1,〒464-0007 愛知県名古屋市千種区竹越1-6-17,採用担当,052-711-3577,
淀川機械株式会社,http://yodogawa-k.co.jp,https://employment.en-japan.com/desc_1033588/?PK=F8B8EC&arearoute=1,【本社】〒566-0052/大阪府摂津市鳥飼本町1-12-8,採用担当,072-653-3347,
UDトラックス株式会社,https://www.udtrucks.com/japan,https://employment.en-japan.com/desc_1029482/?PK=F8B8EC&arearoute=1,〒362-8523 埼玉県上尾市大字壱丁目1番地,人事部採用担当,Ud_mechanic@udtrucks.co.jp,
株式会社ヤマト（Honda Cars 愛知東）,http://www.hondacars-aichihigashi.co.jp,https://employment.en-japan.com/desc_1031327/?PK=F8B8EC&arearoute=1,【本社】/〒442-0051/愛知県豊川市中央通2丁目58番地,櫻井、鈴木,0533-89-1616,
株式会社クリエイティブテクノロジー,https://creative-technology.co.jp/,https://employment.en-japan.com/desc_1031833/?PK=F8B8EC&arearoute=1,〒602-8027/京都府京都市上京区東立売町203-5,高木,075-279-3377,
株式会社テスコムジャパン,http://www.tescomjp.com,https://employment.en-japan.com/desc_1033641/?PK=F8B8EC&arearoute=1,【本社】/〒607-8213/京都市山科区 勧修寺東金ヶ崎町45番地,採用担当,075-502-1060,
株式会社ジェイ・イー,http://www.j-elevator.co.jp/,https://employment.en-japan.com/desc_1035433/?PK=F8B8EC&arearoute=1,【本社】/〒577-0064/大阪府東大阪市川俣本町1-33,島,06-6748-8811,
株式会社ザ鈴木,http://www.the-suzuki.co.jp,https://employment.en-japan.com/desc_1031573/?PK=F8B8EC&arearoute=1,【本社】/〒570-0043　/大阪府守口市南寺方東通5-23-25,採用担当,06-6997-0017,
デラバル株式会社,http://www.delaval.jp/,https://employment.en-japan.com/desc_1031574/?PK=F8B8EC&arearoute=1,〒060-0807/北海道札幌市北区北7条西1丁目2番6号　NCO札幌14F,採用担当,011-738-2311,
ヤンマーアグリジャパン株式会社 北海道支社,https://www.yanmar.com/jp/about/company/yaj/about.html,https://employment.en-japan.com/desc_1033864/?PK=F8B8EC&arearoute=1,【北海道支社】/〒067-0051/北海道江別市工栄町10-6,採用担当,011-381-2300,
三浦工業株式会社（東証一部上場）,http://www.miuraz.co.jp,https://employment.en-japan.com/desc_1034586/?PK=F8B8EC&arearoute=1,【松山本社】〒799‐2696/愛媛県松山市堀江町7,採用担当,089-979-7014,
日清鋼業株式会社,http://www.nisshinkogyo.com/,https://employment.en-japan.com/desc_1031382/?PK=F8B8EC&arearoute=1,■日清鋼業本社　人事部/〒657-0846/神戸市灘区岩屋北町4丁目4番1号,採用担当,078-871-6800,
日清鋼業株式会社,http://www.nisshinkogyo.com/,https://employment.en-japan.com/desc_1031384/?PK=F8B8EC&arearoute=1,■日清鋼業本社　人事部/〒657-0846/神戸市灘区岩屋北町4丁目4番1号,採用担当,078-871-6800,
株式会社コア・エレクトロニックシステム,https://ces-net.com/,https://employment.en-japan.com/desc_1033703/?PK=F8B8EC&arearoute=1,〒224-0026　神奈川県横浜市都筑区南山田町4105,045-534-8235,,
生駒商事株式会社,http://www.ikoma.co.jp/,https://employment.en-japan.com/desc_1032202/?PK=F8B8EC&arearoute=1,【本社】/〒107-0052　/東京都港区赤坂5-4-11 山口建設第2ビル,採用担当,03-3585-3042,
株式会社ハマネツ,https://www.hamanetsu.co.jp/,https://employment.en-japan.com/desc_1031890/?PK=F8B8EC&arearoute=1,本社／〒430-0926 静岡県浜松市中区砂山町325-6 日本生命浜松駅前ビル3F,採用担当,053-450-8050,
杉山重工株式会社,http://www.e-sugiyama.co.jp/index.html,https://employment.en-japan.com/desc_1031975/?PK=F8B8EC&arearoute=1,本社／〒489-0003　愛知県瀬戸市穴田町970-2,人事担当　杉山（専務）,0561-48-1811,
株式会社富士テクノソリューションズ 名古屋オフィス,https://www.fjtsc.co.jp/,https://employment.en-japan.com/desc_1022306/?PK=F8B8EC&arearoute=1,【名古屋事業所】/〒460-0003/愛知県名古屋市中区錦1-13-26　名古屋伏見スクエアビル 6F,前田,052-218-1471,
日本サポートシステム株式会社,https://jss1.jp/,https://employment.en-japan.com/desc_1032618/?PK=F8B8EC&arearoute=1,【つくばベース】（本社）/〒300-0847/茨城県土浦市卸町2丁目13-3,採用担当,050-1743-0310,
日本サポートシステム株式会社,https://jss1.jp/,https://employment.en-japan.com/desc_1032620/?PK=F8B8EC&arearoute=1,【つくばベース】（本社）/〒300-0847/茨城県土浦市卸町2丁目13-3,採用担当,050-1743-0310,
株式会社オータマ,https://www.ohtama.co.jp/,https://employment.en-japan.com/desc_1031986/?PK=F8B8EC&arearoute=1,【本社】/〒206-0811/東京都稲城市押立1744番地,採用担当,042-377-4322,
株式会社オータマ,https://www.ohtama.co.jp/,https://employment.en-japan.com/desc_1031989/?PK=F8B8EC&arearoute=1,【本社】/〒206-0811/東京都稲城市押立1744番地,採用担当,042-377-4322,
ハクバ写真産業株式会社,http://www.hakubaphoto.jp/corporation/,https://employment.en-japan.com/desc_1032347/?PK=F8B8EC&arearoute=1,【本社】/〒130-0014/東京都墨田区亀沢1-3-7,伊能,03-3621-8973,
株式会社本田洋行,https://www.hondayoko.co.jp/,https://employment.en-japan.com/desc_1031111/?PK=F8B8EC&arearoute=1,本社／愛媛県四国中央市金生町下分928-1,採用担当,0896-58-2412,
守谷輸送機工業株式会社,https://www.moriya-elevator.co.jp/,https://employment.en-japan.com/desc_1027667/?PK=F8B8EC&arearoute=1,【横浜本社】/〒236-0004/神奈川県横浜市金沢区福浦1-14-9,総務部　採用担当,045-785-3111,
守谷輸送機工業株式会社,https://www.moriya-elevator.co.jp/,https://employment.en-japan.com/desc_1027668/?PK=F8B8EC&arearoute=1,【横浜本社】/〒236-0004/神奈川県横浜市金沢区福浦1-14-9,総務部　採用担当,045-785-3111,
環境計測株式会社,http://www.kankyou-keisoku.co.jp,https://employment.en-japan.com/desc_1026447/?PK=F8B8EC&arearoute=1,〒612-8419/京都市伏見区竹田北三ツ杭町84番地,新宮・藤澤,075-643-0341,
HK電気システム株式会社,https://hk-sys.co.jp/,https://employment.en-japan.com/desc_1023211/?PK=F8B8EC&arearoute=1,〒581-0039/大阪府八尾市太田新町7-182-1,採用担当,072-926-1779,
株式会社進光自動車,http://www.shinko-net.co.jp,https://employment.en-japan.com/desc_1029737/?PK=F8B8EC&arearoute=1,＜本社＞/〒577-0044　大阪府東大阪市西堤学園町2-4-2,採用担当,06-6782-7433,
ヤマトオートワークス株式会社,http://www.yaw.co.jp,https://employment.en-japan.com/desc_1030123/?PK=F8B8EC&arearoute=1,【本社】/〒104-0041/東京都中央区新富1-18-8,採用担当,03-5117-8971,
株式会社貝電,http://www.kaiden2.co.jp/,https://employment.en-japan.com/desc_1026767/?PK=F8B8EC&arearoute=1,本社／千葉県船橋市東町896番地,採用担当,047-425-1531,
アイピー精密株式会社,http://www.inagumapress.ecnet.jp/groupcompany.html,https://employment.en-japan.com/desc_1026797/?PK=F8B8EC&arearoute=1,■本社／小牧工場/愛知県小牧市大字大草字大野5786番地25,採用担当,0568-39-6901,
大阪富士工業株式会社,https://www.ofic-recruit.com/,https://employment.en-japan.com/desc_1028051/?PK=F8B8EC&arearoute=1,〒712-8074/岡山県倉敷市水島川崎通1丁目1　JFEスチール構内,採用担当　田原,086-448-3338,
守谷輸送機工業株式会社,https://www.moriya-elevator.co.jp/,https://employment.en-japan.com/desc_1027670/?PK=F8B8EC&arearoute=1,■横浜本社／神奈川県横浜市金沢区福浦1-14-9,採用担当,045-785-3111,
株式会社ヤマダ電子工業,http://www.yamadadenshi.co.jp/,https://employment.en-japan.com/desc_1026194/?PK=F8B8EC&arearoute=1,〒485-0077/愛知県小牧市大字西之島918-1,採用担当,0568-77-8626,
