企業情報_1_名前,企業情報_2_サイト,企業情報_3_求人サイト企業情報,連絡先_1_住所,連絡先_2,連絡先_3,連絡先_4
株式会社オーシャン,https://www.ocean.jpn.com,https://employment.en-japan.com/desc_1041463/?PK=DF2D28&arearoute=1,〒220-0011/神奈川県横浜市西区高島2-13-2　横浜駅前共同ビル4階,採用担当（村田・山崎・横山）,045-628-9555,
有限会社バーウェル,https://verwell.co.jp,https://employment.en-japan.com/desc_1042413/?PK=DF2D28&arearoute=1,【本社】/〒450-0003/愛知県名古屋市中村区名駅南2-11-44-5F,人事部,052-618-7162,
monoAI technology株式会社,https://monoai.co.jp,https://employment.en-japan.com/desc_1042744/?PK=DF2D28&arearoute=1,神戸本社：兵庫県神戸市中央区京町78番地 三宮京町ビル3階A号,人事部　加地,recruit_tester@morikatron.co.jp,
東京カラー印刷株式会社,http://www.tcpc.co.jp/,https://employment.en-japan.com/desc_1043184/?PK=DF2D28&arearoute=1,本社工場／〒120-0024　東京都足立区千住関屋町5-27,採用担当,03-5284-1173,
CJ FOODS JAPAN株式会社,https://cjfoodsjapan.net/,https://employment.en-japan.com/desc_1041503/?PK=DF2D28&arearoute=1,東京都新宿区西新宿6-5-1　新宿アイランドタワー,エン・ジャパン株式会社　エン エージェント,enagent-info@en-japan.com,
株式会社ネットドリーマーズ,https://www.netdreamers.co.jp/,https://employment.en-japan.com/desc_1041633/?PK=DF2D28&arearoute=1,東京都新宿区西新宿6-5-1　新宿アイランドタワー,エン・ジャパン株式会社　エン エージェント,enagent-info@en-japan.com,
株式会社大阪進研,http://www.o-shinken.co.jp/corporate/index.html,https://employment.en-japan.com/desc_1041840/?PK=DF2D28&arearoute=1,〒543-0011/大阪市天王寺区清水谷町20-9 千州ビル,採用担当,06-6762-4557,
株式会社ワールディング,https://www.worlding.asia/,https://employment.en-japan.com/desc_1042341/?PK=DF2D28&arearoute=1,東京都新宿区西新宿6-5-1　新宿アイランドタワー,エン・ジャパン株式会社　ワールディング採用事務局,sss-info@en-japan.com,
株式会社ロックオン,http://www.rock-on.co,https://employment.en-japan.com/desc_1042369/?PK=DF2D28&arearoute=1,＜本社＞/〒550-0011/大阪府大阪市西区阿波座1-7-12 東新ビル 402号室,採用担当,06-6643-9929,
株式会社出前館（東証JASDAQ上場）,http://www.yumenomachi.co.jp/,https://employment.en-japan.com/desc_1042416/?PK=DF2D28&arearoute=1,東京都新宿区西新宿6-5-1　新宿アイランドタワー,エン・ジャパン株式会社　エン エージェント,enagent-info@en-japan.com,
レバレジーズ株式会社,https://leverages.jp/,https://employment.en-japan.com/desc_1042572/?PK=DF2D28&arearoute=1,東京都新宿区西新宿6-5-1　新宿アイランドタワー,エン・ジャパン株式会社　エン エージェント,enagent-info@en-japan.com,
株式会社LegalForce,https://www.legalforce.co.jp/,https://employment.en-japan.com/desc_1042583/?PK=DF2D28&arearoute=1,東京都新宿区西新宿6-5-1　新宿アイランドタワー,エン・ジャパン株式会社　エン エージェント,enagent-info@en-japan.com,
株式会社グミ,http://www.gumi.co.jp/,https://employment.en-japan.com/desc_1042710/?PK=DF2D28&arearoute=1,東京都新宿区西新宿6-5-1新宿アイランドタワー,エン・ジャパン株式会社　エン エージェント,enagent-info@en-japan.com,
株式会社メディカルリソース,https://www.medical-res.co.jp/,https://employment.en-japan.com/desc_1042721/?PK=DF2D28&arearoute=1,東京都新宿区西新宿6-5-1　新宿アイランドタワー,エン・ジャパン株式会社　エン エージェント,enagent-info@en-japan.com,
株式会社ヨウジヤマモト,http://www.yohjiyamamoto.co.jp,https://employment.en-japan.com/desc_1042730/?PK=DF2D28&arearoute=1,東京都新宿区西新宿6-5-1　新宿アイランドタワー,エン・ジャパン株式会社　エン エージェント,enagent-info@en-japan.com,
株式会社TOKYO BASE（東証一部上場）,http://www.tokyobase.co.jp/,https://employment.en-japan.com/desc_1042844/?PK=DF2D28&arearoute=1,東京都新宿区西新宿6-5-1　新宿アイランドタワー,エン・ジャパン株式会社　エン エージェント,enagent-info@en-japan.com,
株式会社ワイズエンターテインメントファクトリー,https://www.ysenter.jp/,https://employment.en-japan.com/desc_1037870/?PK=DF2D28&arearoute=1,【本社】/〒107-0061 /東京都港区北青山3-1-6 316青山403号室,03-6822-3145,,
株式会社テレビマンユニオン,http://www.tvu.co.jp/,https://employment.en-japan.com/desc_1041272/?PK=DF2D28&arearoute=1,【本社】/〒150-0001/東京都渋谷区神宮前5-53-67　コスモス青山South棟,採用担当,03-6418-8730,
エルテック株式会社 サポートオフィス,http://www.elltech.co.jp/profile.html,https://employment.en-japan.com/desc_1042360/?PK=DF2D28&arearoute=1,サポートオフィス／東京都新宿区市谷台町11-1 服部ビル 3F,採用担当,03-3359-7761,
株式会社アイフリークGAMES,https://games.i-freek.co.jp,https://employment.en-japan.com/desc_1002726/?PK=DF2D28&arearoute=1,東京本社/〒104-0045/東京都中央区築地2-7-3 CAMEL築地2(旧:築地グラスゲート)2階,採用担当,03-6228-4444,
TOTO株式会社,https://jp.toto.com/,https://employment.en-japan.com/desc_1035723/?PK=DF2D28&arearoute=1,読み取り不可避エラー,,,
大本染工株式会社,http://www.omotosenko.com,https://employment.en-japan.com/desc_1039851/?PK=DF2D28&arearoute=1,■本社／京都市伏見区横大路千両松町201,採用担当,075-621-8881,
株式会社サンクネット,http://www.sanku.net/,https://employment.en-japan.com/desc_1040942/?PK=DF2D28&arearoute=1,【東京本社】/〒135-0042/東京都江東区木場1-3-1 MR木場ビル6F,採用担当,0120-039-847,
株式会社てぶらでどっとこむ,http://www.teburade.com,https://employment.en-japan.com/desc_1041253/?PK=DF2D28&arearoute=1,＜本社＞/〒812-0896/福岡県福岡市博多区東光寺町2-2-13,採用担当,092-406-1585,
株式会社ブルジュラ,https://brujula.jp/,https://employment.en-japan.com/desc_1041293/?PK=DF2D28&arearoute=1,〒 164-0001/東京都中野区中野5-68-2 中野中央ビル8F,採用担当,03-3388-1124,
Y&I Group株式会社,https://www.y-i-groupinc.jp/,https://employment.en-japan.com/desc_1041533/?PK=DF2D28&arearoute=1,〒102-0093/東京都千代田区平河町2-7-2　9F,採用担当,03-5797-7563,
株式会社アビリティーニッケン,http://www.abil.co.jp/,https://employment.en-japan.com/desc_1041778/?PK=DF2D28&arearoute=1,〒144-0051/本社／東京都大田区西蒲田7-8-3 日研第二ビル7F,採用担当,03-5744-7130,
株式会社エニグモ（東証一部上場）,http://www.enigmo.co.jp/,https://employment.en-japan.com/desc_1042402/?PK=DF2D28&arearoute=1,東京都新宿区西新宿6-5-1新宿アイランドタワー,エン・ジャパン株式会社　エン エージェント,enagent-info@en-japan.com,
株式会社メディカルリソース,https://www.medical-res.co.jp/,https://employment.en-japan.com/desc_1042720/?PK=DF2D28&arearoute=1,東京都新宿区西新宿6-5-1　新宿アイランドタワー,エン・ジャパン株式会社　エン エージェント,enagent-info@en-japan.com,
フリュー株式会社（東証一部上場）,https://www.furyu.jp/,https://employment.en-japan.com/desc_1042834/?PK=DF2D28&arearoute=1,東京都新宿区西新宿6-5-1　新宿アイランドタワー,エン・ジャパン株式会社　エン エージェント,enagent-info@en-japan.com,
株式会社プレミアム,http://www.0050.co.jp/,https://employment.en-japan.com/desc_1043136/?PK=DF2D28&arearoute=1,〒106-0031/東京都港区西麻布1-14-17 WAVE西麻布3F,採用担当,03-6625-5530,
株式会社グローバルネット,http://www.global-n.co.jp/index.php,https://employment.en-japan.com/desc_1039451/?PK=DF2D28&arearoute=1,【本社】/〒144-0052/東京都大田区蒲田4-40-5,採用担当,03-6424-9119(直通),
株式会社SHUKEN Re,https://shuken-renovation.jp/,https://employment.en-japan.com/desc_1041175/?PK=DF2D28&arearoute=1,※今回の応募受付は、関連会社の株式会社秀建が行ないます。//株式会社秀建／〒279-0002　千葉県浦安市北栄4-9-4,秀建グループ採用担当,047-706-1133,recruit@shuken.jp
株式会社サン・プロテック,http://www.purotec.co.jp/,https://employment.en-japan.com/desc_1036666/?PK=DF2D28&arearoute=1,＜本社＞/〒470-0373/愛知県豊田市四郷町山畑139番地28,採用担当　酒井,0565-44-0151(080-2658-4863)※携帯電話のほうがつながりやすいです。,
株式会社モストプランニング,http://www.most-planning.com/,https://employment.en-japan.com/desc_1038436/?PK=DF2D28&arearoute=1,東京都新宿区西新宿1-19-6 山手新宿ビル 11F,採用担当　飯島・武田,03-6455-4667,
株式会社アイダックデザイン,http://www.aidac.co.jp/,https://employment.en-japan.com/desc_1040061/?PK=DF2D28&arearoute=1,〒169-0075/東京都新宿区高田馬場4-40-17 Foresight高田馬場6F,採用担当,03-5338-9100,
株式会社キャット,http://catinc.co.jp/,https://employment.en-japan.com/desc_1040091/?PK=DF2D28&arearoute=1,〒151-0051/東京都渋谷区千駄ヶ谷1丁目19-8,代表取締役　柳澤,03-5772-5931,
株式会社FORDELソリューションズ,http://fordel.jp,https://employment.en-japan.com/desc_1040248/?PK=DF2D28&arearoute=1,【福岡本社】/〒810-0001/福岡県福岡市中央区天神3-10-1 天神源氏ビル4F,今西・関谷,092-791-3322,
株式会社Hide&Seek,https://www.hideandseek.co.jp/,https://employment.en-japan.com/desc_1040689/?PK=DF2D28&arearoute=1,【本社】/福岡県福岡市中央区薬院1-5-6ハイヒルズ7F,井上,092-791-1068,
株式会社Hide&Seek,https://www.hideandseek.co.jp/,https://employment.en-japan.com/desc_1040692/?PK=DF2D28&arearoute=1,福岡県福岡市中央区薬院1-5-6 ハイヒルズ7F,井上,092-791-1068,
株式会社ブラス（東証・名証一部上場）,https://www.brass.ne.jp/,https://employment.en-japan.com/desc_1042167/?PK=DF2D28&arearoute=1,〒451-0045/愛知県名古屋市西区名駅2-34-1 エコールプラザ名駅ビル4F,石黒,052-562-1077,
株式会社iai,http://i-air.co.jp/,https://employment.en-japan.com/desc_1042238/?PK=DF2D28&arearoute=1,〒220-0011/神奈川県横浜市西区高島2丁目6-32　横浜東口ウィスポートビル15F,採用担当,045-595-9717,
サングローブ株式会社,https://www.sungrove.co.jp/,https://employment.en-japan.com/desc_1042258/?PK=DF2D28&arearoute=1,【東京本社】/〒160-0023/東京都新宿区西新宿6-24-1 西新宿三井ビルディング4F,採用担当,03-5990-5307,
株式会社アドライズ,https://www.adlize.com,https://employment.en-japan.com/desc_1042266/?PK=DF2D28&arearoute=1,【〒810-0001】/福岡市中央区天神1-15-32 天神MTビル7F,採用担当,092-732-5770,
株式会社日本流通産業新聞社,http://www.bci.co.jp,https://employment.en-japan.com/desc_1039505/?PK=DF2D28&arearoute=1,本社／〒103‐0026　/東京都中央区日本橋兜町11-11 ニッシンビル2F,採用担当,03-3361-5898,
株式会社HomePageShop,https://hp-shop.co.jp/,https://employment.en-japan.com/desc_1040107/?PK=DF2D28&arearoute=1,■本社：愛知県名古屋市天白区植田3丁目1507 レスカールＫ 3F Ｎ号室,採用担当,052-803-2125,
株式会社夕刊三重新聞社,http://www.yukanmie.com/,https://employment.en-japan.com/desc_1040855/?PK=DF2D28&arearoute=1,【本社】/〒515-0821/三重県松阪市外五曲町15,採用担当,0598-21-6113(代表),
株式会社サイゾー,https://cyzo.co.jp/,https://employment.en-japan.com/desc_1040872/?PK=DF2D28&arearoute=1,〒150-0043/東京都渋谷区道玄坂1-19-2　スプライン3F,採用担当,cyzo_d@cyzo.com,
STAY GOLD株式会社,http://www.stgold.jp,https://employment.en-japan.com/desc_1038555/?PK=DF2D28&arearoute=1,【本社】/〒150-0033/東京都渋谷区猿楽町2-7 シャトウソフィアSUN 102,採用担当,careers@stgold.jp,
株式会社リボルブ,http://www.revolve.co.jp,https://employment.en-japan.com/desc_1040249/?PK=FF4704&arearoute=1,【本社】東京都千代田区岩本町2-6-1 曙ビル2F,採用担当,03-5825-4521(代表),info@revolve.co.jp
株式会社日本シネ・サービス,http://www.japan-cine.com/index.html,https://employment.en-japan.com/desc_1031966/?PK=FF4704&arearoute=1,【本社】〒182-0033/東京都調布市富士見町4-27-1,採用担当,042-485-9010,
プリントス株式会社,http://www.printos.co.jp,https://employment.en-japan.com/desc_1040137/?PK=FF4704&arearoute=1,愛知県一宮市佐千原垣崎61,採用担当,0586-52-5077,
AJ・Flat株式会社,https://ajflat.co.jp/,https://employment.en-japan.com/desc_1040861/?PK=FF4704&arearoute=1,【本社】/〒460-0008/愛知県名古屋市中区栄2-2-1 広小路伏見中駒ビル6B,採用担当,052-228-7407,
株式会社フロンティア建築工房,https://www.frontier5566.com/company/,https://employment.en-japan.com/desc_1041038/?PK=FF4704&arearoute=1,■本店/大阪府守口市南寺方東通2丁目11-1,採用担当,06-6994-6601,
株式会社ブライダル産業新聞社,https://bridalnews.co.jp,https://employment.en-japan.com/desc_1042202/?PK=FF4704&arearoute=1,〒104-0061/東京都中央区銀座8-15-15　銀座原ビル4階,採用担当,03-6226-9577,
株式会社アドライズ,https://www.adlize.com,https://employment.en-japan.com/desc_1042267/?PK=FF4704&arearoute=1,【〒810-0001】/福岡市中央区天神1-15-32 天神MTビル7F,採用担当,092-732-5770,
オネストグループ,https://honest-inc.co.jp/group/,https://employment.en-japan.com/desc_996831/?PK=FF4704&arearoute=1,＜今回のオネストグループ合同募集のご応募受付は、株式会社オネストが行ないます＞/〒460-0008/愛知県名古屋市中区栄2-16-15,採用担当,052-232-9526,
H.R.I株式会社,http://www.hri-group.jp,https://employment.en-japan.com/desc_1040069/?PK=FF4704&arearoute=1,＜本社＞/〒169-0073/東京都新宿区百人町1-23-4 D-SQUARE Shinjuku1.2階,採用担当,03-5937-0107,
WEIWEIホールディングス株式会社,http://weiweiholdings.co.jp/,https://employment.en-japan.com/desc_1038916/?PK=FF4704&arearoute=1,■本社／福岡県福岡市中央区舞鶴1-1-8　孔ホーリーランド天神7F,採用担当,092-401-4039,
パーソルメディアスイッチ株式会社,https://www.persol-pt.co.jp/pmsw/index.html,https://employment.en-japan.com/desc_1039888/?PK=FF4704&arearoute=1,【本社オフィス】/〒101-0021/東京都千代田区外神田3-5-12 聖公会神田ビル7F,03-6385-7360,,
株式会社八光殿,http://hakkoden.co.jp/,https://employment.en-japan.com/desc_1040106/?PK=FF4704&arearoute=1,【本社】/〒581-0003/大阪府八尾市本町3-4-8,採用担当,072-924-0042,
エン・ジャパン株式会社（東証一部上場）,http://corp.en-japan.com,https://employment.en-japan.com/desc_1041645/?PK=FF4704&arearoute=1,〒163-1333/東京都新宿区西新宿6-5-1 新宿アイランドタワー33F//※選考に関するご連絡は、ご登録いただいているメールアドレスに差し上げます。/以下のアドレスからのメールを受信できるように設定の上、ご応募をお願い致します。,人財戦略室　中途採用担当,saiyou_creative_partners@en-japan.com,
株式会社アドテック,http://www.ad-tech.biz,https://employment.en-japan.com/desc_1039289/?PK=FF4704&arearoute=1,【本社】/〒803-0841/福岡県北九州市小倉北区清水3丁目13-38 第二東宝ビル2階,採用担当,093-571-1222,
株式会社コスモマキアー,http://www.cosmomachia.co.jp,https://employment.en-japan.com/desc_1039625/?PK=FF4704&arearoute=1,〒112-0004 東京都文京区後楽2-2-21 飯田橋I・Sビル 3F,採用担当,info@cosmomachia.co.jp,
株式会社全国賃貸住宅新聞社（亀岡大郎取材班グループ）,http://www.zenchin.com/,https://employment.en-japan.com/desc_1039815/?PK=FF4704&arearoute=1,《本社》/〒104-0061/東京都中央区銀座8-12-15 7F,採用担当,03-3543-6494,
株式会社hotarubi,https://hotarubi.co.jp/,https://employment.en-japan.com/desc_1040503/?PK=FF4704&arearoute=1,〒102-0074/東京都千代田区九段南2-3-26 井関ビル5階,採用担当,03-6261-5982,
NHN Fukuoka株式会社,http://www.nhn-fukuoka.com/,https://employment.en-japan.com/desc_1041092/?PK=FF4704&arearoute=1,〒812-0013/福岡県福岡市博多区博多駅東2-13-34　エコービル3階,採用担当,fk.recruit@nhn-fukuoka.com,
コニカミノルタ株式会社（東証一部上場）,https://www.konicaminolta.com,https://employment.en-japan.com/desc_1041352/?PK=FF4704&arearoute=1,東京都新宿区西新宿6-5-1新宿アイランドタワー,エン・ジャパン株式会社　エン エージェント,enagent-info@en-japan.com,
MARK STYLER株式会社,https://www.mark-styler.co.jp/,https://employment.en-japan.com/desc_1041627/?PK=FF4704&arearoute=1,東京都新宿区西新宿6-5-1新宿アイランドタワー,エン・ジャパン株式会社　エン エージェント,enagent-info@en-japan.com,
シェアリングテクノロジー株式会社（東証マザーズ上場）,https://www.sharing-tech.jp/,https://employment.en-japan.com/desc_1041654/?PK=FF4704&arearoute=1,東京都新宿区西新宿6-5-1　新宿アイランドタワー,エン・ジャパン株式会社　エン エージェント,enagent-info@en-japan.com,
アーキテックス株式会社,https://architex.jp,https://employment.en-japan.com/desc_1041657/?PK=FF4704&arearoute=1,東京都新宿区西新宿6-5-1　新宿アイランドタワー,エン・ジャパン株式会社　エン エージェント,enagent-info@en-japan.com,
株式会社アカツキ福岡,https://fukuoka.aktsk.jp/,https://employment.en-japan.com/desc_1041659/?PK=FF4704&arearoute=1,東京都新宿区西新宿6-5-1　新宿アイランドタワー,エン・ジャパン株式会社　エン エージェント,enagent-info@en-japan.com,
株式会社バンダイ,http://www.bandai.co.jp/recruit/,https://employment.en-japan.com/desc_1041699/?PK=FF4704&arearoute=1,東京都新宿区西新宿6-5-1　新宿アイランドタワー,エン・ジャパン株式会社　エン エージェント,enagent-info@en-japan.com,
株式会社メディカルリソース,https://www.medical-res.co.jp/,https://employment.en-japan.com/desc_1041702/?PK=FF4704&arearoute=1,東京都新宿区西新宿6-5-1　新宿アイランドタワー,エン・ジャパン株式会社　エン エージェント,enagent-info@en-japan.com,
株式会社メディカル・プリンシプル社,https://www.medical-principle.co.jp/company/profile.html,https://employment.en-japan.com/desc_1041706/?PK=FF4704&arearoute=1,東京都新宿区西新宿6-5-1　新宿アイランドタワー,エン・ジャパン株式会社　エン エージェント,enagent-info@en-japan.com,
タメニー株式会社（東証マザーズ上場）,https://tameny.jp/,https://employment.en-japan.com/desc_1041821/?PK=FF4704&arearoute=1,東京都新宿区西新宿6-5-1新宿アイランドタワー,エン・ジャパン株式会社　エン エージェント,enagent-info@en-japan.com,
株式会社医薬経済社,https://risfax.co.jp/,https://employment.en-japan.com/desc_1039568/?PK=FF4704&arearoute=1,【本社】/〒103-0023/東京都中央区日本橋本町4丁目8番15号 ネオカワイビル8階,採用担当,03-5204-9070,
株式会社リブインコンフォート,http://www.liveincomfort.co.jp,https://employment.en-japan.com/desc_1041971/?PK=FF4704&arearoute=1,■本社/〒162-0065/東京都新宿区住吉町8-6　野村ビルディング曙橋3F,採用担当,03-5925-8791,
株式会社夢テクノロジー,https://www.yumeteku.jp/,https://employment.en-japan.com/desc_1035996/?PK=FF4704&arearoute=1,■採用プラザ 夢らぼ（東京）/〒101-0022/東京都千代田区神田練塀町300番地　住友不動産秋葉原駅前ビル 5F//◎LINEでのご連絡も受け付けています！　/LINE ID／saiyou@yumeteku/LINE登録用アドレス／https://works.do/R/ti/p/saiyou@yumeteku,採用担当,03-6670-3972,
ウェブソア株式会社,http://webthor.jp/,https://employment.en-japan.com/desc_1036105/?PK=FF4704&arearoute=1,〒150-0002/東京都渋谷区渋谷3-27-11 祐真ビル本館8F,採用担当,03-5774-4545,
レンティオ株式会社,http://www.rentio.co.jp/,https://employment.en-japan.com/desc_1038761/?PK=FF4704&arearoute=1,〒140‐0002 東京都品川区東品川3‐31‐8 東品川ビルディング4F,採用担当,050-5358-8074,
株式会社J-オイルミルズ（東証一部上場）,https://www.j-oil.com/,https://employment.en-japan.com/desc_1041252/?PK=FF4704&arearoute=1,東京都新宿区西新宿6-5-1　新宿アイランドタワー,エン・ジャパン株式会社　エン エージェント,enagent-info@en-japan.com,
オフィスカラーズ株式会社,http://www.o-colors.com,https://employment.en-japan.com/desc_1041454/?PK=FF4704&arearoute=1,〒108-0074　東京都港区高輪2-12-13 レジデンス高輪1F,田代（女性） ※男性・女性どちらもいます。,03-3441-6201,
飯島興産株式会社,,https://employment.en-japan.com/desc_1041512/?PK=FF4704&arearoute=1,〒494-0012/愛知県一宮市明地字井之内3-2,採用担当,0586-67-3100,
MARK STYLER株式会社,https://www.mark-styler.co.jp/,https://employment.en-japan.com/desc_1041630/?PK=FF4704&arearoute=1,東京都新宿区西新宿6-5-1新宿アイランドタワー,エン・ジャパン株式会社　エン エージェント,enagent-info@en-japan.com,
タメニー株式会社（東証マザーズ上場）,https://tameny.jp/,https://employment.en-japan.com/desc_1041820/?PK=FF4704&arearoute=1,東京都新宿区西新宿6-5-1新宿アイランドタワー,エン・ジャパン株式会社　エン エージェント,enagent-info@en-japan.com,
株式会社ウィンキューブホールディングス,https://win-cube-holdings.co.jp/,https://employment.en-japan.com/desc_1041881/?PK=FF4704&arearoute=1,【本社】/〒160-0023/東京都新宿区西新宿1-21-1　明宝ビル4F,採用担当,050-3627-6931,
株式会社Jackery Japan,https://www.jackery.jp/,https://employment.en-japan.com/desc_1041903/?PK=FF4704&arearoute=1,〒151-0053/東京都渋谷区代々木一丁目55番14号 セントヒルズ代々木701号室,水嶋,03-6315-4822,
株式会社light style luxs,http://ls-luxs.com/,https://employment.en-japan.com/desc_1039126/?PK=FF4704&arearoute=1,〒542-0081/大阪府大阪市中央区南船場4-7-6 心斎橋中央ビル3F-A室,採用担当,06-6245-6920,
株式会社Maclogic,https://www.maclogic.co.jp,https://employment.en-japan.com/desc_1039254/?PK=FF4704&arearoute=1,【本社】/〒810-0001/福岡県福岡市中央区天神3-2-22 河村天神荘ビル4F,採用担当,092-791-3857,
バークレイグローバルコンサルティング&インターネット株式会社,http://www.barclay-global.com,https://employment.en-japan.com/desc_1039805/?PK=FF4704&arearoute=1,◆本社/〒160-0023/東京都新宿区西新宿3-1-5 新宿嘉泉ビル9階//※営業目的の電話はご遠慮ください。,本社採用係,03-6302-0029,
株式会社ベステート,http://www.besteight.co.jp/,https://employment.en-japan.com/desc_1040757/?PK=FF4704&arearoute=1,〒141-0031　/東京都品川区西五反田3-7-14　三信ビル5F,採用担当,03-3491-1490,
エン・ジャパン株式会社（東証一部上場）,http://corp.en-japan.com,https://employment.en-japan.com/desc_1038798/?PK=FF4704&arearoute=1,〒163-1333/東京都新宿区西新宿6-5-1 新宿アイランドタワー 33F,人財戦略室　中途採用担当,03-3342-6307,
株式会社創英,http://www.souei.jp/,https://employment.en-japan.com/desc_1037904/?PK=FF4704&arearoute=1,【本社】/〒141-0031/東京都品川区西五反田1-31-1　日本生命五反田ビル5階,採用担当,03-5759-5080,
株式会社ニケール,http://nichel.co.jp,https://employment.en-japan.com/desc_1039830/?PK=FF4704&arearoute=1,〒103-0005/東京都中央区日本橋久松町11-8 CITY PRIME日本橋3階,採用担当,03-3527-2003,
株式会社LAKA,https://laka.co.jp/,https://employment.en-japan.com/desc_1039908/?PK=FF4704&arearoute=1,本社／〒211-0063　神奈川県川崎市中原区小杉町3丁目600番　Kosugi 3rd Avenue MID POINT 1F 1-01,田島,044-328-5671,
株式会社HomePageShop,https://hp-shop.co.jp/,https://employment.en-japan.com/desc_1040250/?PK=FF4704&arearoute=1,■本社：愛知県名古屋市天白区植田3丁目1507 レスカールＫ 3F Ｎ号室,採用担当,052-803-2125,
合同会社DMM.com,https://dmm-corp.com/,https://employment.en-japan.com/desc_1040705/?PK=FF4704&arearoute=1,東京都新宿区西新宿6-5-1　新宿アイランドタワー,エン・ジャパン株式会社　エン エージェント,enagent-info@en-japan.com,
株式会社水野プロダクション,http://www.mizunopro.co.jp/,https://employment.en-japan.com/desc_1040769/?PK=1B182C&arearoute=1,〒111-0042/東京都台東区寿4-15-7 三井住友海上浅草寿町ビル3F,有井,03-3843-6881,soumu@mizunopro.co.jp
ソニー株式会社（東証一部上場）,http://www.sony.co.jp/,https://employment.en-japan.com/desc_1040866/?PK=1B182C&arearoute=1,東京都新宿区西新宿6-5-1新宿アイランドタワー,エン・ジャパン株式会社　エン エージェント,enagent-info@en-japan.com,
タンスのゲン株式会社,https://tansu-gen.co.jp/,https://employment.en-japan.com/desc_1040956/?PK=1B182C&arearoute=1,東京都新宿区西新宿6-5-1　新宿アイランドタワー,エン・ジャパン株式会社　エン エージェント,enagent-info@en-japan.com,
株式会社ネクストビート,https://www.nextbeat.co.jp/,https://employment.en-japan.com/desc_1041087/?PK=1B182C&arearoute=1,東京都新宿区西新宿6-5-1新宿アイランドタワー,エン・ジャパン株式会社　エン エージェント,enagent-info@en-japan.com,
株式会社ネクストビート,https://www.nextbeat.co.jp/,https://employment.en-japan.com/desc_1041089/?PK=1B182C&arearoute=1,東京都新宿区西新宿6-5-1新宿アイランドタワー,エン・ジャパン株式会社　エン エージェント,enagent-info@en-japan.com,
株式会社デンソーウェーブ,https://www.denso-wave.com/ja/,https://employment.en-japan.com/desc_1041134/?PK=1B182C&arearoute=1,東京都新宿区西新宿6-5-1　新宿アイランドタワー,エン・ジャパン株式会社　エン エージェント,enagent-info@en-japan.com,
株式会社ブシロード（東証マザーズ上場）,http://bushiroad.com/,https://employment.en-japan.com/desc_1041224/?PK=1B182C&arearoute=1,東京都新宿区西新宿6-5-1　新宿アイランドタワー,エン・ジャパン株式会社　エン エージェント,enagent-info@en-japan.com,
岡本株式会社 本社,http://www.okamotogroup.com,https://employment.en-japan.com/desc_1041361/?PK=1B182C&arearoute=1,【本社】/〒550-0005/大阪府大阪市西区西本町1-11-9,採用担当,06-6539-1561／090-9850-4801,
LINE株式会社,https://linecorp.com,https://employment.en-japan.com/desc_1014334/?PK=1B182C&arearoute=1,〒160-0022/東京都新宿区新宿4-1-6　JR新宿ミライナタワー23F,採用担当,dl_hrs_saiyo@linecorp.com,
株式会社ライトマネジメント,http://lightmodels.net/,https://employment.en-japan.com/desc_1039166/?PK=1B182C&arearoute=1,東京オフィス／〒150-0001 東京都渋谷区神宮前3-25-18THE SHARE215,宮本 明子,03-6459-2215,
株式会社ブラスデザイン,http://brass-design.com/,https://employment.en-japan.com/desc_1039585/?PK=1B182C&arearoute=1,本社／東京都渋谷区恵比寿2-17-23,採用担当,03-6770-7440,
グロースアンドコミュニケーションズ株式会社,https://growth-and.com/,https://employment.en-japan.com/desc_1023120/?PK=1B182C&arearoute=1,〒107-0052/東京都港区赤坂2-20-4 DAM赤坂ビル,採用担当,03-5575-5960,
株式会社シン・クルーズ,https://www.sincrews.com/,https://employment.en-japan.com/desc_1030136/?PK=1B182C&arearoute=1,〒160-0022/東京都新宿区新宿6-29-11/新宿イーストクロスタワー6F,採用担当,03-6278-9055,
マニカホーム株式会社,http://www.manika-home.jp/,https://employment.en-japan.com/desc_1039214/?PK=1B182C&arearoute=1,＜徳重ショールーム＞/〒458-0003/愛知県名古屋市緑区黒沢台5-1212,採用担当,052-879-5682,
株式会社DE-SIGNグループ,https://www.de-sign-group.jp/,https://employment.en-japan.com/desc_1039627/?PK=1B182C&arearoute=1,東京都新宿区西新宿6-5-1　新宿アイランドタワー,エン・ジャパン株式会社　エン エージェント,enagent-info@en-japan.com,
株式会社WILFATH,https://www.wilfath.com/,https://employment.en-japan.com/desc_1039831/?PK=1B182C&arearoute=1,〒810-0001/福岡県福岡市中央区天神5丁目3-11,採用担当,092-737-8870,
シェアリングテクノロジー株式会社（東証マザーズ上場）,https://www.sharing-tech.jp/,https://employment.en-japan.com/desc_1040862/?PK=1B182C&arearoute=1,東京都新宿区西新宿6-5-1新宿アイランドタワー,エン・ジャパン株式会社　エン エージェント,enagent-info@en-japan.com,
株式会社マイホーム,https://www.c21-myhome.com/,https://employment.en-japan.com/desc_1041049/?PK=1B182C&arearoute=1,〒220-0004　/神奈川県横浜市西区北幸2-8-4　横浜西口KNビル1Ｆ,採用担当,045-320-0021,
株式会社カプコン（東証一部上場）,http://www.capcom.co.jp/,https://employment.en-japan.com/desc_1041068/?PK=1B182C&arearoute=1,東京都新宿区西新宿6-5-1新宿アイランドタワー,エン・ジャパン株式会社　エン エージェント,enagent-info@en-japan.com,
株式会社バンダイ,http://www.bandai.co.jp/recruit/,https://employment.en-japan.com/desc_1041137/?PK=1B182C&arearoute=1,東京都新宿区西新宿6-5-1　新宿アイランドタワー,エン・ジャパン株式会社　エン エージェント,enagent-info@en-japan.com,
ニッカホーム株式会社,http://www.nikka-home.co.jp/,https://employment.en-japan.com/desc_1030295/?PK=1B182C&arearoute=1,ニッカホーム株式会社/〒4510043/愛知県名古屋市西区/新道2-15-12WALL CAPITAL HILL 1階,採用担当,052-533-6333,
株式会社集英社,https://www.shueisha.co.jp/,https://employment.en-japan.com/desc_1032142/?PK=1B182C&arearoute=1,〒101-8050/東京都千代田区一ツ橋2-5-10,集英社 採用センター,03-3238-2038(平日10：00～12：00、13：00～17：00),
グローバルトレード株式会社,http://www.gtrade.co.jp/,https://employment.en-japan.com/desc_1037954/?PK=1B182C&arearoute=1,＜本社＞/東京都港区高輪4-24-58　サマセット品川東京2F,採用担当,03-6459-3922,
株式会社エスフォーライフ,http://s-forlife.co.jp,https://employment.en-japan.com/desc_1037197/?PK=1B182C&arearoute=1,〒545-0052/大阪府大阪市阿倍野区阿倍野筋5-11-26　シオン阿倍野B1,採用担当,06-6661-3355,
株式会社アシスト,http://asyst.co.jp,https://employment.en-japan.com/desc_1039077/?PK=1B182C&arearoute=1,〒106-0032 /東京都港区六本木2丁目2番8号 ヒューリック六本木二丁目ビル 3F,採用担当,03-6459-1268,
株式会社SOME,https://www.some-pr.com/,https://employment.en-japan.com/desc_1039947/?PK=1B182C&arearoute=1,本社｜〒107-0052/東京都港区赤坂2-20-13赤坂ヒルサイド302,採用担当,03-5545-5561,
株式会社岩田レーベル,https://www.iwatalabel.co.jp/,https://employment.en-japan.com/desc_1040009/?PK=1B182C&arearoute=1,〒491-0827/愛知県一宮市三ツ井5丁目15番18号,管理部　総務課　國本,0586-76-1611,
株式会社クオキャリア,https://www.quacareer.co.jp/,https://employment.en-japan.com/desc_1040242/?PK=1B182C&arearoute=1,【東京本社】/〒170-0005/東京都豊島区南大塚3-46-3　いちご大塚ビル6F,採用担当,03-5927-9404,
株式会社ニューエイジ,https://newage-inc.co.jp/,https://employment.en-japan.com/desc_1036250/?PK=1B182C&arearoute=1,＜仙台本社＞/〒980-0803/宮城県仙台市青葉区国分町3-3-5 リスズビル4Ｆ,採用担当,recruit@newage-inc.co.jp,
株式会社東海共同印刷,http://www.tkp.co.jp/,https://employment.en-japan.com/desc_1037851/?PK=1B182C&arearoute=1,【本社】/〒467-0851/名古屋市瑞穂区塩入町17-6,古田,052-822-7281,
株式会社ポーラスター,,https://employment.en-japan.com/desc_1037947/?PK=1B182C&arearoute=1,【本社】/〒550-0004/大阪府大阪市西区靱本町3-8-6 奥内第一ビル2F,採用担当宛て,06-6136-8762,
三明物産株式会社,http://www.sannmei.co.jp,https://employment.en-japan.com/desc_1039382/?PK=1B182C&arearoute=1,本社／東京都江東区永代2‐32‐6　三明ビル,採用担当　下澤,03-5245-3388,
株式会社東洋館出版社,http://www.toyokan.co.jp,https://employment.en-japan.com/desc_1039998/?PK=1B182C&arearoute=1,〒113-0021/東京都文京区本駒込5-16-7//※営業のご連絡はご遠慮ください。,採用担当,wake@toyokan.co.jp,
株式会社アルページュ,http://arpege.co.jp/company/,https://employment.en-japan.com/desc_1040026/?PK=1B182C&arearoute=1,東京都新宿区西新宿6-5-1　新宿アイランドタワー,エン・ジャパン株式会社　エン エージェント,enagent-info@en-japan.com,
株式会社ゲームエイト,https://game8.co.jp,https://employment.en-japan.com/desc_1040343/?PK=1B182C&arearoute=1,東京都新宿区西新宿6-5-1　新宿アイランドタワー,エン・ジャパン株式会社　エン エージェント,enagent-info@en-japan.com,
株式会社トヨタシステムズ,https://www.toyotasystems.com/,https://employment.en-japan.com/desc_1040370/?PK=1B182C&arearoute=1,東京都新宿区西新宿6-5-1　新宿アイランドタワー,エン・ジャパン株式会社　エン エージェント,enagent-info@en-japan.com,
リーシング・マネジメント・コンサルティング株式会社,https://lmc-c.co.jp/,https://employment.en-japan.com/desc_1040377/?PK=1B182C&arearoute=1,東京都新宿区西新宿6-5-1　新宿アイランドタワー,エン・ジャパン株式会社　エン エージェント,enagent-info@en-japan.com,
株式会社ジャパネットたかた,https://www.japanet.co.jp/shopping/jh/,https://employment.en-japan.com/desc_1040396/?PK=1B182C&arearoute=1,東京都新宿区西新宿6-5-1　新宿アイランドタワー,エン・ジャパン株式会社　エン エージェント,enagent-info@en-japan.com,
株式会社ジャパネットたかた,https://www.japanet.co.jp/shopping/jh/,https://employment.en-japan.com/desc_1040397/?PK=1B182C&arearoute=1,東京都新宿区西新宿6-5-1　新宿アイランドタワー,エン・ジャパン株式会社　エン エージェント,enagent-info@en-japan.com,
株式会社タービン・インタラクティブ,https://www.turbine.co.jp/index.html,https://employment.en-japan.com/desc_1040405/?PK=1B182C&arearoute=1,東京都新宿区西新宿6-5-1　新宿アイランドタワー,エン・ジャパン株式会社　エン エージェント,enagent-info@en-japan.com,
弁護士ドットコム株式会社（東証マザーズ上場）,https://corporate.bengo4.com/,https://employment.en-japan.com/desc_1040490/?PK=1B182C&arearoute=1,東京都新宿区西新宿6-5-1 新宿アイランドタワー,エン・ジャパン株式会社　エン エージェント,enagent-info@en-japan.com,
株式会社17 Media Japan,https://17media.jp/,https://employment.en-japan.com/desc_1040550/?PK=1B182C&arearoute=1,東京都新宿区西新宿6-5-1　新宿アイランドタワー,エン・ジャパン株式会社　エン エージェント,enagent-info@en-japan.com,
株式会社KIYORA,http://vegie.jp/,https://employment.en-japan.com/desc_1040557/?PK=1B182C&arearoute=1,東京都新宿区西新宿6-5-1　新宿アイランドタワー,エン・ジャパン株式会社　エン エージェント,enagent-info@en-japan.com,
株式会社グリーンプランテック,http://www.green-plantec.co.jp/,https://employment.en-japan.com/desc_1040588/?PK=1B182C&arearoute=1,東京都新宿区西新宿6-5-1　新宿アイランドタワー,エン・ジャパン株式会社　グリーンプランテック採用事務局,sss-info@en-japan.com,
株式会社代々木アニメーション学院,https://www.yoani.co.jp/,https://employment.en-japan.com/desc_1040590/?PK=1B182C&arearoute=1,東京都新宿区西新宿6-5-1　新宿アイランドタワー,エン・ジャパン株式会社　エン エージェント,enagent-info@en-japan.com,
株式会社ロッピングライフ,,https://employment.en-japan.com/desc_1040598/?PK=1B182C&arearoute=1,東京都新宿区西新宿6-5-1　新宿アイランドタワー,エン・ジャパン株式会社　エン エージェント,enagent-info@en-japan.com,
株式会社マイベスト,https://my-best.com/company,https://employment.en-japan.com/desc_1040729/?PK=1B182C&arearoute=1,東京都新宿区西新宿6-5-1　新宿アイランドタワー,エン・ジャパン株式会社　マイベスト採用事務局,sss-info@en-japan.com,
株式会社アテニア,http://www.fancl.jp/about/group/,https://employment.en-japan.com/desc_1040744/?PK=1B182C&arearoute=1,東京都新宿区西新宿6-5-1　新宿アイランドタワー,エン・ジャパン株式会社　アテニア採用事務局,sss-info@en-japan.com,
ソニーPCL株式会社,https://www.sonypcl.jp,https://employment.en-japan.com/desc_1018204/?PK=1B182C&arearoute=1,＜本社＞/〒141-0021/東京都品川区上大崎2-13-17　目黒東急ビル,採用担当,Pclrecruit@jp.sony.com,
株式会社アライ,https://aracon-renewal.com/,https://employment.en-japan.com/desc_1037686/?PK=75513E&arearoute=1,【本社】/〒130-0026/東京都墨田区両国4-38-3　第8高畠ビル2F,採用担当,03-5669-0208,
ナノクロシステム株式会社,https://nanoclo-system.co.jp/,https://employment.en-japan.com/desc_1038542/?PK=75513E&arearoute=1,〒101-0061　東京都千代田区神田三崎町3-10-15　富士ビル2F,採用担当,03-6272-9785,
GMOソリューションパートナー株式会社,http://www.gmo-sol.jp/,https://employment.en-japan.com/desc_1040159/?PK=75513E&arearoute=1,〒150-8512/東京都渋谷区桜丘町26-1　セルリアンタワー6F,採用担当,0120-627-600(受付時間／平日10：30～19：00),
バークレイグローバルコンサルティング&インターネット株式会社,http://www.barclay-global.com,https://employment.en-japan.com/desc_1037232/?PK=75513E&arearoute=1,◆本社/〒160-0023/東京都新宿区西新宿3-1-5 新宿嘉泉ビル9階//※営業目的の電話はご遠慮ください。,本社採用係,03-6302-0029,
株式会社スタッフファースト（DmMiXグループ）,https://www.staff-first.co.jp/,https://employment.en-japan.com/desc_1037819/?PK=75513E&arearoute=1,【新宿支店】/〒160-0023/東京都新宿区西新宿3-2-11　新宿三井ビルディング二号館　8F,採用担当,03-6911-2380,
株式会社朝倉商会,https://fas-asakura.co.jp,https://employment.en-japan.com/desc_1037847/?PK=75513E&arearoute=1,【大阪営業所】/〒541-0059/大阪府大阪市中央区博労町1-4-10 博労町エステートビル602,採用担当,06-6263-3033,
シーサー株式会社,http://www.seesaa.co.jp,https://employment.en-japan.com/desc_1038345/?PK=75513E&arearoute=1,■本社／〒101-0021　東京都千代田区外神田6-1-4　神田ノーザンビル2階,採用担当,03-5817-4243,
株式会社アゲル,https://www.ager.jp,https://employment.en-japan.com/desc_1038489/?PK=75513E&arearoute=1,【土浦店】茨城県かすみがうら市上稲吉1917番地1,採用担当,0299-57-3371,
株式会社コンフィデンス,https://confidence-inc.jp/,https://employment.en-japan.com/desc_1039206/?PK=75513E&arearoute=1,【本社】〒160-0022/東京都新宿区新宿2-5-10　成信ビル8階,採用担当,03-3350-7800,
株式会社コンフィデンス,https://confidence-inc.jp/,https://employment.en-japan.com/desc_1039207/?PK=75513E&arearoute=1,【本社】/〒160-0022/東京都新宿区新宿2-5-10　成信ビル8階,採用担当,03-3350-7800,
株式会社シーエー・アドバンス,https://www.ca-adv.co.jp/,https://employment.en-japan.com/desc_1039845/?PK=75513E&arearoute=1,◆沖縄本社/〒900-0006　沖縄県那覇市おもろまち1-1-12 那覇新都心センタービル5F,採用担当,098-941-2270,
日本ビスカ株式会社,http://www.visca.co.jp/,https://employment.en-japan.com/desc_1012385/?PK=75513E&arearoute=1,〒160-0022/東京都新宿区新宿6-24-20 KDX新宿6丁目ビル10F,採用担当,03-5292-5151,
生活協同組合コープ自然派兵庫,https://www.shizenha.net/hyogo/,https://employment.en-japan.com/desc_1037735/?PK=75513E&arearoute=1,本部／〒651-2228　神戸市西区見津が丘4-10-5,採用担当,078-998-1671,
ティーパワーズ株式会社,http://www.t-powers.co.jp,https://employment.en-japan.com/desc_1037783/?PK=75513E&arearoute=1,〒141-0022/東京都品川区東五反田1-15-7,採用係,03-5434-7100,
株式会社らかんスタジオ,https://laquan.com/,https://employment.en-japan.com/desc_1037968/?PK=75513E&arearoute=1,【株式会社らかんスタジオ 人事部（本部）】/〒181-0013　東京都三鷹市下連雀8-7-３MHC402,採用担当,saiyou@laquan.com,
株式会社エブリー,https://corp.every.tv/,https://employment.en-japan.com/desc_1038277/?PK=75513E&arearoute=1,東京都新宿区西新宿6-5-1新宿アイランドタワー,エン・ジャパン株式会社　エン エージェント,enagent-info@en-japan.com,
株式会社ブラス（東証・名証一部上場）,https://www.brass.ne.jp/,https://employment.en-japan.com/desc_1038451/?PK=75513E&arearoute=1,〒451-0045/愛知県名古屋市西区名駅2-34-1 エコールプラザ名駅ビル4F,広報室　石黒,052-562-1077,
株式会社サン・スマイル,http://www.sunsmile.co.jp/,https://employment.en-japan.com/desc_1039298/?PK=75513E&arearoute=1,東京都新宿区西新宿6-5-1　新宿アイランドタワー,エン・ジャパン株式会社　エン エージェント,enagent-info@en-japan.com,
学校法人電子学園 日本電子専門学校,https://www.jec.ac.jp/,https://employment.en-japan.com/desc_1039465/?PK=75513E&arearoute=1,東京都新宿区西新宿6-5-1　新宿アイランドタワー,エン・ジャパン株式会社　エン エージェント,enagent-info@en-japan.com,
学校法人電子学園 日本電子専門学校,https://www.jec.ac.jp/,https://employment.en-japan.com/desc_1039467/?PK=75513E&arearoute=1,東京都新宿区西新宿6-5-1　新宿アイランドタワー,エン・ジャパン株式会社　エン エージェント,enagent-info@en-japan.com,
株式会社HRC,https://c-hrc.com/,https://employment.en-japan.com/desc_1039528/?PK=75513E&arearoute=1,東京都新宿区西新宿6-5-1　新宿アイランドタワー,エン・ジャパン株式会社　エン エージェント,enagent-info@en-japan.com,
株式会社タービン・インタラクティブ,https://www.turbine.co.jp/index.html,https://employment.en-japan.com/desc_1039589/?PK=75513E&arearoute=1,東京都新宿区西新宿6-5-1　新宿アイランドタワー,エン・ジャパン株式会社　エン エージェント,enagent-info@en-japan.com,
株式会社タービン・インタラクティブ,https://www.turbine.co.jp/index.html,https://employment.en-japan.com/desc_1039590/?PK=75513E&arearoute=1,東京都新宿区西新宿6-5-1　新宿アイランドタワー,エン・ジャパン株式会社　エン エージェント,enagent-info@en-japan.com,
株式会社ストリームス,http://www.streams.co.jp/,https://employment.en-japan.com/desc_1039596/?PK=75513E&arearoute=1,【本社】/〒112-0014/東京都文京区関口1-23-6 プラザ江戸川橋310,採用担当,03-5227-5561,
株式会社八幡ねじ,http://www.yht.co.jp/,https://employment.en-japan.com/desc_1039606/?PK=75513E&arearoute=1,東京都新宿区西新宿6-5-1　新宿アイランドタワー,エン・ジャパン株式会社　エン エージェント,enagent-info@en-japan.com,
株式会社スタージョイナス,http://www.star-j.com/,https://employment.en-japan.com/desc_1039861/?PK=75513E&arearoute=1,【静岡事務所】/〒420-0035/静岡県静岡市葵区七間町1-5 2F-B,採用担当,054-272-6314,
ネットイヤーグループ株式会社（東証マザーズ上場）,http://www.netyear.net/,https://employment.en-japan.com/desc_1039872/?PK=75513E&arearoute=1,東京都新宿区西新宿6-5-1　新宿アイランドタワー,エン・ジャパン株式会社　エン エージェント,enagent-info@en-japan.com,
株式会社横浜DeNAベイスターズ,http://www.baystars.co.jp/,https://employment.en-japan.com/desc_1040089/?PK=75513E&arearoute=1,応募フォームよりエントリーください。追って、こちらからご連絡いたします。,エン・ジャパン株式会社　エン エージェント,enagent-info@en-japan.com,
株式会社ジオテックゴルフコンポーネント,https://www.geotechgolf.com/,https://employment.en-japan.com/desc_1037701/?PK=75513E&arearoute=1,【本社】〒260-0003/千葉県千葉市中央区鶴沢町8番6号　ジオテックビル,田辺(タナベ),043-223-7523,
株式会社りぶはあと,http://livheart.jp/,https://employment.en-japan.com/desc_1038339/?PK=75513E&arearoute=1,【本社】/〒103-0002/東京都中央区日本橋馬喰町2-3-2 セントピア4F,採用担当,03-5847-0271,k.kajiwara@livheart.co.jp
株式会社HIHO-TV,http://www.hiho.tv/,https://employment.en-japan.com/desc_1039674/?PK=75513E&arearoute=1,■本社/〒106-0032　東京都港区六本木2-2-8 4F,採用担当,03-5422-8145,
株式会社ロゴスコーポレーション,http://www.logos-co.com/,https://employment.en-japan.com/desc_1037329/?PK=75513E&arearoute=1,■本社/〒559-0025/大阪市住之江区平林南2丁目11番1号,採用担当,06-6681-8001,
株式会社Jクレアヴル,http://product-jkureavuru.com,https://employment.en-japan.com/desc_1037781/?PK=75513E&arearoute=1,〒150-0001/東京都渋谷区神宮前2-25-5 別所ビル3F,採用担当,03-5422-6816,
株式会社Jクレアヴル,http://product-jkureavuru.com,https://employment.en-japan.com/desc_1037782/?PK=75513E&arearoute=1,〒150-0001/東京都渋谷区神宮前2-25-5 別所ビル3F,採用担当,03-5422-6816,
湘南美容クリニック（医療法人湘美会）,http://www.s-b-c.net/,https://employment.en-japan.com/desc_1039084/?PK=75513E&arearoute=1,本社／東京都新宿区西新宿6-5-1 アイランドタワー12F,SBC事務局　人事部　採用担当,050-5865-5943,
株式会社ジェイ・エヌ・エス,http://jns-web.co.jp/,https://employment.en-japan.com/desc_1039132/?PK=75513E&arearoute=1,【高崎本社】/〒370-0021/群馬県高崎市西横手町391-60,027-350-1010　管理部まで,,
株式会社ラポールスター,https://www.rapport-star.com/,https://employment.en-japan.com/desc_1039182/?PK=75513E&arearoute=1,【本社】/東京都港区港南2-16-4 品川グランドセントラルタワー8F,代表取締役　林,hayashi@rapport-star.com,
株式会社ノア,https://www.kknoah.co.jp,https://employment.en-japan.com/desc_1039281/?PK=75513E&arearoute=1,〒152-0035/東京都目黒区中根1-2-2　都立大第2ノアビル5F,「スタジオ事業部」人事採用係,03-3725-3611,
株式会社HRC,https://c-hrc.com/,https://employment.en-japan.com/desc_1039317/?PK=75513E&arearoute=1,東京都新宿区西新宿6-5-1　新宿アイランドタワー,エン・ジャパン株式会社　エン エージェント,enagent-info@en-japan.com,
株式会社イースト,http://www.east-inc.jp/,https://employment.en-japan.com/desc_1040047/?PK=75513E&arearoute=1,【本社】〒100-0005/東京都千代田区丸の内3-4-1　新国際ビル3F,採用担当,03-6303-9169,
TRASP株式会社,https://trasp-inc.com,https://employment.en-japan.com/desc_1037189/?PK=75513E&arearoute=1,＜大阪本社＞/〒530-0047/大阪府大阪市北区西天満5-2-18　三共ビル東館3F,採用担当／森,06-6136-5442,
株式会社TS工建,https://www.tskouken.jp,https://employment.en-japan.com/desc_1038303/?PK=75513E&arearoute=1,【大阪本社】/〒530-0057/大阪市北区曽根崎2-12-7　清和梅田ビル18F,人事部,06-6365-1131,
ハリマニックス株式会社,http://www.harimanics.co.jp/,https://employment.en-japan.com/desc_1036911/?PK=75513E&arearoute=1,【本社】/〒676-0022  /兵庫県高砂市高砂町浜田町1-6-12,採用担当,079-443-5577,
有限会社河田質店,https://www.kawada78.co.jp/,https://employment.en-japan.com/desc_1037780/?PK=75513E&arearoute=1,〒231-0057/神奈川県横浜市中区曙町1-9,採用担当,045-261-4888,
株式会社スタジオ・ポアック,http://www.poac.jp/index.html,https://employment.en-japan.com/desc_1037898/?PK=75513E&arearoute=1,事務管理部／奈良県天理市西長柄町670,辻野,0743-67-2885,
株式会社C4PLANNING,https://c4planning.co.jp/,https://employment.en-japan.com/desc_1039260/?PK=75513E&arearoute=1,〒103-0002/東京都中央区日本橋馬喰町1-5-1馬喰町有楽ビル５F,採用担当,infoc4@c4planning.co.jp,
吉田印刷株式会社,http://www.yoshida-print.co.jp/,https://employment.en-japan.com/desc_1033151/?PK=75513E&arearoute=1,本社/〒242-0001/神奈川県大和市下鶴間2-1-22,経営管理部　採用担当,046-262-2021,
株式会社チャンピオン,https://champion-inc.co.jp/,https://employment.en-japan.com/desc_1038618/?PK=75513E&arearoute=1,【本社】/〒130-0014 東京都墨田区亀沢4-10-2,採用担当,03-3622-1615,
黄桜株式会社,http://www.kizakura.co.jp/index.html,https://employment.en-japan.com/desc_1038840/?PK=75513E&arearoute=1,東京都新宿区西新宿6-5-1　新宿アイランドタワー,エン・ジャパン株式会社　エン エージェント,enagent-info@en-japan.com,
株式会社ナチュラルプランツ,https://www.n-plants.co.jp/,https://employment.en-japan.com/desc_1038883/?PK=2C027D&arearoute=1,東京都新宿区西新宿6-5-1　新宿アイランドタワー,エン・ジャパン株式会社　エン エージェント,enagent-info@en-japan.com,
株式会社カカクコム・インシュアランス,https://kakakucom-insurance.co.jp/,https://employment.en-japan.com/desc_1038886/?PK=2C027D&arearoute=1,東京都新宿区西新宿6-5-1　新宿アイランドタワー,enagent-info@en-japan.com,,
株式会社ナチュラルプランツ,https://www.n-plants.co.jp/,https://employment.en-japan.com/desc_1038897/?PK=2C027D&arearoute=1,東京都新宿区西新宿6-5-1　新宿アイランドタワー,エン・ジャパン株式会社　エン エージェント,enagent-info@en-japan.com,
株式会社ビーボ,https://bbo.co.jp/,https://employment.en-japan.com/desc_1038912/?PK=2C027D&arearoute=1,東京都新宿区西新宿6-5-1　新宿アイランドタワー,エン・ジャパン株式会社　エン エージェント,enagent-info@en-japan.com,
FOX HOUND株式会社,https://www.fox-hound.co.jp,https://employment.en-japan.com/desc_1034376/?PK=2C027D&arearoute=1,【本社】〒169-0072/東京都新宿区大久保2-2-12　VORT東新宿2F,採用担当,03-3209-2622,
株式会社イノベント,https://innovent.co.jp/,https://employment.en-japan.com/desc_1038268/?PK=2C027D&arearoute=1,〒107-0062　東京都港区南青山3-1-31 NBF南青山ビル2F,採用担当（廣瀬）,03-6812-9421　※営業目的のお電話はお控えください。,
オリコン株式会社（東証JASDAQ上場）,https://www.oricon.jp/,https://employment.en-japan.com/desc_1038775/?PK=2C027D&arearoute=1,東京都新宿区西新宿6-5-1　新宿アイランドタワー,エン・ジャパン株式会社　エン エージェント,enagent-info@en-japan.com,
株式会社NTTデータ・スマートソーシング,https://www.nttdata-smart.co.jp/index.html,https://employment.en-japan.com/desc_1038874/?PK=2C027D&arearoute=1,東京都新宿区西新宿6-5-1　新宿アイランドタワー,エン・ジャパン株式会社　エン エージェント,enagent-info@en-japan.com,
株式会社カプコン（東証一部上場）,http://www.capcom.co.jp/,https://employment.en-japan.com/desc_1038899/?PK=2C027D&arearoute=1,東京都新宿区西新宿6-5-1新宿アイランドタワー,エン・ジャパン株式会社　エン エージェント,enagent-info@en-japan.com,
株式会社カプコン（東証一部上場）,http://www.capcom.co.jp/,https://employment.en-japan.com/desc_1038901/?PK=2C027D&arearoute=1,東京都新宿区西新宿6-5-1新宿アイランドタワー,エン・ジャパン株式会社　エン エージェント,enagent-info@en-japan.com,
株式会社Be-Groove,https://be-groove.com/build/,https://employment.en-japan.com/desc_1039087/?PK=2C027D&arearoute=1,読み取り不可避エラー,,,
株式会社キーワーズ・インターナショナル,http://www.keywordsstudios.com/,https://employment.en-japan.com/desc_1039245/?PK=2C027D&arearoute=1,【本社】/〒102-0074 /東京都千代田区九段南2-3-1　青葉第一ビル 5F,採用担当,03-4588-6760,
株式会社エージェントゲート,https://carechen.jp/,https://employment.en-japan.com/desc_1037505/?PK=2C027D&arearoute=1,〒101-0051/東京都千代田区神田神保町2-40-5 東久ビル6F,中途採用担当,03-4500-9361,
株式会社クオキャリア,https://www.quacareer.co.jp/,https://employment.en-japan.com/desc_1036808/?PK=2C027D&arearoute=1,【東京本社】/〒170-0005/東京都豊島区南大塚3-46-3　いちご大塚ビル6F,採用担当,03-5927-9404,
株式会社センテンス（読売テレビグループ）,http://www.sentens.co.jp/,https://employment.en-japan.com/desc_1037654/?PK=2C027D&arearoute=1,《東京オフィス》/〒108-0074/東京都港区高輪3-19-26 SOC高輪ビル6F,採用担当,03-5449-7540,
株式会社Wakka Inc.,http://wakka-inc.com/,https://employment.en-japan.com/desc_1024326/?PK=2C027D&arearoute=1,〒160-0022　/東京都新宿区新宿2-3-11 VORT新宿御苑8階,採用担当者,03-3353-4811,
株式会社ボーイズ,http://www.boys.co.jp/,https://employment.en-japan.com/desc_1035653/?PK=2C027D&arearoute=1,〒530-0041 大阪市北区天神橋4-7-13　イトーピア扇町ビル9F,採用担当,06-6242-0590,saiyo@boys.co.jp
永瀬印刷株式会社,https://www.nagase-label.com/,https://employment.en-japan.com/desc_1036239/?PK=2C027D&arearoute=1,＜本社＞/〒462-0002/愛知県名古屋市北区六が池町389番地,採用担当,052-901-2595,
株式会社メドレー（東証マザーズ上場）,https://www.medley.jp/,https://employment.en-japan.com/desc_1036845/?PK=2C027D&arearoute=1,東京都新宿区西新宿6-5-1　新宿アイランドタワー,エン・ジャパン株式会社　エン エージェント,enagent-info@en-japan.com,
フジテック株式会社（東証一部上場）,https://www.fujitec.co.jp/,https://employment.en-japan.com/desc_1036949/?PK=2C027D&arearoute=1,東京都新宿区西新宿6-5-1　新宿アイランドタワー,エン・ジャパン株式会社　エン エージェント,enagent-info@en-japan.com,
株式会社hitotema,https://hitotema.company/,https://employment.en-japan.com/desc_1037099/?PK=2C027D&arearoute=1,【福岡支社】〒810-0041 福岡県福岡市中央区大名1-8-25-301,太田,092-517-9996,
株式会社東亜産業,https://toamit.jp/,https://employment.en-japan.com/desc_1037725/?PK=2C027D&arearoute=1,【東京本社】/〒101-0021/東京都千代田区外神田2-5-12 タカラビル,採用担当,03-5298-6166,
株式会社YUIDEA,http://www.yuidea.co.jp/,https://employment.en-japan.com/desc_1037874/?PK=2C027D&arearoute=1,〒112-0006/東京都文京区小日向4-5-16　ツインヒルズ茗荷谷,採用担当,group-recruit-career@yuidea.co.jp,
株式会社EYEZEN,http://eyezen.jp,https://employment.en-japan.com/desc_1038047/?PK=2C027D&arearoute=1,本社／〒556-0015　大阪府大阪市浪速区 敷津西2-1-12 YKビル６階,採用担当,eyezen@eyezen.jp,
アイティメディア株式会社（東証一部上場）,https://corp.itmedia.co.jp,https://employment.en-japan.com/desc_1038074/?PK=2C027D&arearoute=1,東京都新宿区西新宿6-5-1　新宿アイランドタワー,エン・ジャパン株式会社　エン エージェント,enagent-info@en-japan.com,
HACCI's JAPAN合同会社,http://hacci1912.com/,https://employment.en-japan.com/desc_1038106/?PK=2C027D&arearoute=1,東京都新宿区西新宿6-5-1　新宿アイランドタワー,エン・ジャパン株式会社　エン エージェント,enagent-info@en-japan.com,
株式会社メディア・リース,http://www.mlinc.co.jp/,https://employment.en-japan.com/desc_1038111/?PK=2C027D&arearoute=1,【管理部】/〒107-0052/東京都港区赤坂5-4-17 SCビル赤坂7階,小野,03-3589-7611   ／FAX :03-3589-7600,
SBクリエイティブ株式会社,https://www.softbankcr.co.jp/ja/,https://employment.en-japan.com/desc_1038121/?PK=2C027D&arearoute=1,東京都新宿区西新宿6-5-1　新宿アイランドタワー,エン・ジャパン株式会社　エン エージェント,enagent-info@en-japan.com,
株式会社ティーアンドイー,http://t-e.co.jp/,https://employment.en-japan.com/desc_1038517/?PK=2C027D&arearoute=1,東京都新宿区西新宿6-5-1　新宿アイランドタワー,エン・ジャパン株式会社　エン エージェント,enagent-info@en-japan.com,
株式会社ティーアンドイー,http://t-e.co.jp/,https://employment.en-japan.com/desc_1038518/?PK=2C027D&arearoute=1,東京都新宿区西新宿6-5-1　新宿アイランドタワー,エン・ジャパン株式会社　エン エージェント,enagent-info@en-japan.com,
株式会社山田養蜂場,http://www.3838.com/,https://employment.en-japan.com/desc_1038539/?PK=2C027D&arearoute=1,東京都新宿区西新宿6-5-1新宿アイランドタワー,エン・ジャパン株式会社　エン エージェント,enagent-info@en-japan.com,
株式会社フォーマルクライン,http://www.formalklein.jp/,https://employment.en-japan.com/desc_1038565/?PK=2C027D&arearoute=1,東京都新宿区西新宿6-5-1　新宿アイランドタワー,エン・ジャパン株式会社　エン エージェント,enagent-info@en-japan.com,
株式会社文響社,https://bunkyosha.com/,https://employment.en-japan.com/desc_1038719/?PK=2C027D&arearoute=1,東京都新宿区西新宿6-5-1　新宿アイランドタワー,エン・ジャパン株式会社　エン エージェント,enagent-info@en-japan.com,
株式会社テックスタッフ,http://www.tecstaff.co.jp/,https://employment.en-japan.com/desc_1038307/?PK=2C027D&arearoute=1,〒105-0004/東京都港区新橋5-12-6　ヴェルディ新橋2F,採用担当,03-6809-2851,
株式会社NBSキオスク&サービス,http://www.nbs-ks.jp/,https://employment.en-japan.com/desc_1036864/?PK=2C027D&arearoute=1,本社／〒141-0032/東京都品川区大崎5-1-11 住友生命五反田ビル9F,採用担当,03-5745-0336,
株式会社キーワーズ・インターナショナル,http://www.keywordsstudios.com/,https://employment.en-japan.com/desc_1037687/?PK=2C027D&arearoute=1,【本社】/〒102-0074 /東京都千代田区九段南2-3-1　青葉第一ビル 5F,採用担当,03-4577-7628,
株式会社東亜産業,https://toamit.jp/,https://employment.en-japan.com/desc_1037726/?PK=2C027D&arearoute=1,■本社/〒101-0021/東京都千代田区外神田2-5-12 タカラビル3F,採用担当,03-5298-6166,
株式会社グローカル,https://www.glcl.co.jp/,https://employment.en-japan.com/desc_1038270/?PK=2C027D&arearoute=1,東京都新宿区西新宿6-5-1　新宿アイランドタワー,エン・ジャパン株式会社　エン エージェント,enagent-info@en-japan.com,
株式会社トゥーエイト,https://www.28inc.co.jp/,https://employment.en-japan.com/desc_1038401/?PK=2C027D&arearoute=1,〒150-0022/東京都渋谷区恵比寿南1-1-12 フロンティア恵比寿4F,採用担当,03-5725-0228,
株式会社REM,http://www.remcorp.jp/,https://employment.en-japan.com/desc_1034630/?PK=2C027D&arearoute=1,＜本社オフィス＞/〒164-0001/東京都中野区中野2-30-3 マルニビル7F,川島,03-5328-1302,
ウェブソア株式会社,http://webthor.jp/,https://employment.en-japan.com/desc_1035636/?PK=2C027D&arearoute=1,〒150-0002/東京都渋谷区渋谷3-27-11 祐真ビル本館8F,採用担当,03-5774-4545,
クリケット株式会社,http://topkapi.tokyo/,https://employment.en-japan.com/desc_1036172/?PK=2C027D&arearoute=1,【本社】〒141-0032/東京都品川区大崎3-6-17 ニュー大崎ビル2F,採用担当,03-3490-7821,kyuujin-madoguchi@cricket-jp.com
株式会社S-SIZE,http://s-size.co.jp/,https://employment.en-japan.com/desc_1036227/?PK=2C027D&arearoute=1,〒153-0042/東京都目黒区青葉台2-21-9 紫弘Bldg.2F,採用担当,hello@s-size.co.jp,
AXe CAPITAL株式会社,http://axecapital-inc.net/,https://employment.en-japan.com/desc_1036887/?PK=2C027D&arearoute=1,東京都港区六本木7-8-6 AXALL ROPPONGI 7F「AXe CAPITAL」,採用担当,uchida@axecapital-inc.net,
バークレイグローバルコンサルティング&インターネット株式会社,http://www.barclay-global.com,https://employment.en-japan.com/desc_1036914/?PK=2C027D&arearoute=1,◆本社/〒160-0023/東京都新宿区西新宿3-1-5 新宿嘉泉ビル9階//※営業目的の電話はご遠慮ください。,本社採用係,03-6302-0029,
株式会社ライズクリエイション,https://risecreation.jp/,https://employment.en-japan.com/desc_1037636/?PK=2C027D&arearoute=1,【本社】/〒630-8144/奈良市東九条町17-1 フクダギフトビル2F,採用担当,074-281-9671,
ゾルハラ株式会社,http://www.zoruhara.com,https://employment.en-japan.com/desc_1036436/?PK=2C027D&arearoute=1,■本社/東京都港区新橋1-18-2 明宏ビル別館7階,採用担当,03-6427-6066,
株式会社シーヴァ,http://xiva.jp/,https://employment.en-japan.com/desc_1034280/?PK=2C027D&arearoute=1,〒153-0051/東京都目黒区上目黒3-1-12　アークレスタ中目黒,採用担当,03-5794-3578,
株式会社REM,http://www.remcorp.jp/,https://employment.en-japan.com/desc_1034613/?PK=2C027D&arearoute=1,＜本社＞/東京都中野区中野2-30-3 マルニビル7F,採用担当,03-5328-4085,
エイチキューブ株式会社,https://www.hcube3.com/,https://employment.en-japan.com/desc_1033836/?PK=08F3F1&arearoute=1,本社／愛知県名古屋市中区錦1-17-13　名興ビルディング2F,採用担当,info@hcube3.com,
オッポジャパン株式会社,https://www.oppo.com/jp/,https://employment.en-japan.com/desc_1036000/?PK=08F3F1&arearoute=1,＜本社＞/〒140-0002/東京都品川区東品川2-5-8　天王洲パークサイドビル9F,採用担当,03-4589-3030,
株式会社エーチーム・アカデミー,http://www.ateam-academy.com/,https://employment.en-japan.com/desc_1036945/?PK=08F3F1&arearoute=1,〒213-0002/神奈川県川崎市高津区二子6丁目14-10,採用担当,044-833-4455,
株式会社NEXER,https://www.nexer.co.jp/,https://employment.en-japan.com/desc_1037625/?PK=08F3F1&arearoute=1,【本社】/〒171-0014/東京都豊島区池袋2-43-1 池袋青柳ビル6F,採用担当,03-6890-4757,
株式会社ユニバーサル園芸社,https://www.uni-green.co.jp/,https://employment.en-japan.com/desc_1036545/?PK=08F3F1&arearoute=1,【大阪本社】/〒568-0095/大阪府茨木市佐保193-2,総務・人事課　桐山・田中,072-649-2266,u-recruit@uni-green.co.jp
株式会社アイダ,http://www.kagura.co.jp,https://employment.en-japan.com/desc_1036711/?PK=08F3F1&arearoute=1,≪本社≫/〒107-0062 東京都港区南青山5-9-5,相田（女性）（受付：平日11：00～16：00）,03-3797-3137,
株式会社Cygames,https://www.cygames.co.jp/,https://employment.en-japan.com/desc_1035962/?PK=08F3F1&arearoute=1,読み取り不可避エラー,,,
株式会社タテヤマ,http://tateyama.cc/index.html,https://employment.en-japan.com/desc_1027458/?PK=08F3F1&arearoute=1,■本社／〒101-0047　東京都千代田区内神田1-9-8 蔵町ビル3階,採用担当,03-3518-8411,
ジャパン・ライフ・パートナーズ株式会社,https://duck3773.com/,https://employment.en-japan.com/desc_1028262/?PK=08F3F1&arearoute=1,【奈良本店】/〒635-0831/奈良県北葛城郡広陵町馬見北9-9-32,採用担当,0745- 60-3773,
株式会社シーエー・アドバンス 仙台支社,http://sendai.ca-adv.co.jp/,https://employment.en-japan.com/desc_1033529/?PK=08F3F1&arearoute=1,【仙台オフィス】/〒980-0021/宮城県仙台市青葉区中央1-6-35 東京建物仙台ビル20F,島田,022-722-2350,
株式会社ゼロメディカル,https://www.zeromedical.tv/,https://employment.en-japan.com/desc_1034187/?PK=08F3F1&arearoute=1,〒153-0043/東京都目黒区東山1丁目5-4 KDX中目黒ビル 4F,採用担当,03-5725-8400,
株式会社エア・リゾーム,http://www.air-r.jp,https://employment.en-japan.com/desc_1034207/?PK=08F3F1&arearoute=1,＜本社＞/〒546-0041/大阪府大阪市東住吉区桑津1-23-13,採用担当,06-6713-6366,
hyphenate株式会社,https://www.hyphenate.jp/,https://employment.en-japan.com/desc_1034737/?PK=08F3F1&arearoute=1,《本社》/〒101-0052/東京都千代田区神田小川町3-26-8 ユニゾ神田小川町三丁目ビル 6F,採用担当,03-3518-9192,
株式会社エスコス,https://www.scos.co.jp/,https://employment.en-japan.com/desc_1035591/?PK=08F3F1&arearoute=1,【本社】/〒164-0012/東京都中野区本町3-6-8,採用担当,03-3375-5031,
株式会社リックプロデュース,http://www.ricp.co.jp/,https://employment.en-japan.com/desc_1035905/?PK=08F3F1&arearoute=1,【大阪オフィス（本社）】/〒532-0011/大阪府大阪市淀川区西中島6-6-17 RIC 1st.4F,採用担当　大木,06-6304-6450,
日本場内テレビ株式会社,http://www.njtv.jp/,https://employment.en-japan.com/desc_1023200/?PK=08F3F1&arearoute=1,〒105-0001/東京都港区虎ノ門5-3-20　千石山アネックス303号,採用担当,03-5843-7308,
ログミー株式会社,https://logmi.co.jp/,https://employment.en-japan.com/desc_1034351/?PK=08F3F1&arearoute=1,【本社】〒150-0046 東京都渋谷区松濤1-28-8 ロハス松濤3F,採用担当,recruit_en@logmi.co.jp,
株式会社サントーワ,http://www.santowa.co.jp/,https://employment.en-japan.com/desc_1035015/?PK=08F3F1&arearoute=1,〒451-0025/愛知県名古屋市西区上名古屋3-25-28　第7猪村ビル4F,採用担当,052-325-4005,
H.R.I株式会社,http://www.hri-group.jp,https://employment.en-japan.com/desc_1024072/?PK=08F3F1&arearoute=1,【本社】東京都新宿区百人町1-23-4 D-SQUARE Shinjuku 1・2F,採用担当,03-6261-6938,
エンタライズ株式会社,https://www.entalize.co.jp/,https://employment.en-japan.com/desc_1033099/?PK=08F3F1&arearoute=1,【本社】/〒170-0005 東京都豊島区南大塚2-37-5 MSB-21南大塚ビル,採用担当,03-5977-8033,
株式会社オーエムシー,https://www.omc.co.jp,https://employment.en-japan.com/desc_1036279/?PK=08F3F1&arearoute=1,〒160-0004/東京都新宿区四谷4丁目34番地1　新宿御苑前アネックスビル8階,採用担当,03-5362-0111,
株式会社Rambut,https://www.rambut.co.jp/,https://employment.en-japan.com/desc_1023131/?PK=08F3F1&arearoute=1,〒101-0041/東京都千代田区神田須田町2-2-5 翔和須田町ビル 3F,採用担当,03-6811-6922,
バカラ パシフィック株式会社,https://www.baccarat.jp,https://employment.en-japan.com/desc_1033218/?PK=08F3F1&arearoute=1,〒105-0001 /東京都港区虎ノ門1-2-8　虎ノ門琴平タワー21階,採用担当,bpk_recruit@baccarat.fr,
株式会社ドリームスレッド,https://www.dreamthread.co.jp/,https://employment.en-japan.com/desc_1021884/?PK=08F3F1&arearoute=1,本社／東京都日野市南平9-21-7,採用担当,042-592-7047,
トッププランニング株式会社,http://www.top-planning.co.jp/,https://employment.en-japan.com/desc_1033106/?PK=08F3F1&arearoute=1,【本社】/〒107-0062/東京都港区南青山4-20-19　プレム南青山1F,採用担当,03-6894-5678,
株式会社グランドジャパン,http://www.grand-japan.co.jp/,https://employment.en-japan.com/desc_1035455/?PK=08F3F1&arearoute=1,【本社】/〒220-0011/神奈川県横浜市西区高島2-6-32　横浜東口ウィスポートビル13F,採用担当,045-440-1121,
株式会社mobility career,https://mobility-career.jp/,https://employment.en-japan.com/desc_1033160/?PK=08F3F1&arearoute=1,【mobility career 本社】/〒460-0011/愛知県名古屋市中区大須2-10-45 ビジネスポイント大須ビル3F 308,採用担当,052-209-5855,
農業生産法人わかば農園株式会社,http://www.wakaba-f.co.jp/,https://employment.en-japan.com/desc_1033647/?PK=08F3F1&arearoute=1,〒500-8238/岐阜県岐阜市細畑2-4-18,採用担当,058-247-9590,
株式会社レイ・アウト,http://www.ray-out.co.jp/,https://employment.en-japan.com/desc_1034170/?PK=08F3F1&arearoute=1,【本社】〒104-0043/東京都中央区湊3-3-2　前田セントラルビル2F,採用担当,03-6280-4151,
株式会社ティーズファクトリー,http://www.ts-fa.jp/,https://employment.en-japan.com/desc_1035387/?PK=08F3F1&arearoute=1,東京本部／〒103-0016 東京都中央区日本橋小網町9-6 NST小網町ビル5F,採用担当,03-5623-5660,
株式会社A-cloud,https://www.a-cloud.co.jp,https://employment.en-japan.com/desc_1033494/?PK=08F3F1&arearoute=1,◆東京本社/〒153-0042/東京都目黒区青葉台3-6-28　住友不動産青葉台タワー13F,採用担当,03-5784-3113,
株式会社アライバルクオリティー,https://www.arrival-quality.com,https://employment.en-japan.com/desc_1034842/?PK=08F3F1&arearoute=1,■base3（京都オフィス）/〒604-8111/京都府京都市中京区三条通高倉東入桝屋町53-1 Duce mix ビルヂング2F,採用担当,075-708-2742,
株式会社クリエイティブエンタテインメント,http://cecomic.biz/,https://employment.en-japan.com/desc_1021179/?PK=08F3F1&arearoute=1,【本社】/〒170-0013/東京都豊島区東池袋3-22-12 ヴィラロッソカバーロ908,採用担当,03-5944-9971,
株式会社オルジェスタ,https://www.orgesta.com/,https://employment.en-japan.com/desc_1030769/?PK=08F3F1&arearoute=1,【大阪本社】/〒530-0041/大阪市北区天神橋2-2-11　阪急産業南森町ビル4F,採用担当,06-6136-0505,
株式会社souper,http://souper.co.jp,https://employment.en-japan.com/desc_1033522/?PK=08F3F1&arearoute=1,【本社】/〒110-0015/東京都台東区東上野6-27-7-501,採用担当,03-5246-4379,maki@souper.co.jp
株式会社フェロースタイル,https://fellowstyle.jp/,https://employment.en-japan.com/desc_1034838/?PK=08F3F1&arearoute=1,■本社/〒160-0023/東京都新宿区西新宿7-17-7　廣田ビル2F,採用担当,03-6450-5790,
株式会社安吉,https://www.yasukichi.jp/,https://employment.en-japan.com/desc_1025200/?PK=08F3F1&arearoute=1,【本社】/〒503-0936/岐阜県大垣市内原2丁目133-1,採用担当,0584-71-9234,
株式会社KANEHACHI,https://kane-hachi.jp/,https://employment.en-japan.com/desc_1032623/?PK=08F3F1&arearoute=1,〒661-0035/兵庫県尼崎市武庫之荘1-29-11,採用担当,06-6415-9485,
Ad Arch株式会社,https://www.adarch.co.jp/,https://employment.en-japan.com/desc_1033601/?PK=08F3F1&arearoute=1,＜本社＞/〒107-0062/東京都港区南青山2丁目15-5 FARO 1F,採用担当,info@adarch.co.jp,
経営戦略研究所株式会社,http://www.consuldent.jp/recruitment/clerical,https://employment.en-japan.com/desc_1032268/?PK=08F3F1&arearoute=1,〒221-0056　/神奈川県横浜市神奈川区金港町6-6 横浜みなと第一生命ビル2階,採用担当,045-440-0312,info@consuldent.jp
株式会社デザインセンターオワリヤ,https://d-owariya.co.jp/,https://employment.en-japan.com/desc_1021913/?PK=08F3F1&arearoute=1,〒475-0942/愛知県半田市松堀町287-3,採用担当,0569-20-5050,
株式会社ネットショップスタジオ,http://www.netshop-studio.com/,https://employment.en-japan.com/desc_1033066/?PK=08F3F1&arearoute=1,〒102-0072 東京都千代田区飯田橋4-3-7 ハンクビル飯田橋2F,採用担当,03-5428-8624,
株式会社SEMエージェンシー,https://sem-agency.co.jp/recruit/,https://employment.en-japan.com/desc_1029365/?PK=08F3F1&arearoute=1,本社｜〒150-0002/東京都渋谷区渋谷2-2-5　クルスビル3F,採用担当,03-6419-7171,
株式会社MUJI HOUSE,https://www.muji.net/renovation/,https://employment.en-japan.com/desc_1034300/?PK=08F3F1&arearoute=1,本社／〒170-8424　東京都豊島区東池袋4-26-3,採用担当,03-3989-7731,
株式会社ファーストライフ,http://fl-op.co.jp/,https://employment.en-japan.com/desc_1032836/?PK=08F3F1&arearoute=1,【東京本社】/東京都練馬区豊玉中4-14-17　佐藤ビル2F,採用担当,03-3992-7112,
株式会社オプティマイザー,https://www.optimizer.co.jp,https://employment.en-japan.com/desc_1032269/?PK=08F3F1&arearoute=1,【本社】/〒107-0051/東京都港区元赤坂1-1-7　オリエント赤坂モートサイドビル2F,採用担当,03-4405-9595,
株式会社イングス,http://www.i-ings.co.jp/,https://employment.en-japan.com/desc_1033695/?PK=08F3F1&arearoute=1,〒550-0002/大阪府大阪市西区江戸堀2-1-1 江戸堀センタービル2F,採用担当,06-6449-1232,
株式会社フェローシップ,http://www.f-ship.jp/,https://employment.en-japan.com/desc_1033853/?PK=08F3F1&arearoute=1,【本社】/〒100-0005/東京都千代田区丸の内3-1-1 国際ビル4F,採用担当,03-3283-2051,
株式会社ジャパンプロデュースサービス,http://www.cut-factory.net/,https://employment.en-japan.com/desc_1022513/?PK=08F3F1&arearoute=1,【本社】/〒101－0024/東京都千代田区神田和泉町1-7-8 エーワンビル 1、4、6階,採用担当,03-5833-3339,
株式会社アルペン（東証・名証一部上場）,http://www.alpen-group.jp/,https://employment.en-japan.com/desc_1031242/?PK=5D3C61&arearoute=1,〒460-8637/愛知県名古屋市中区丸の内2-9-40　アルペン丸の内タワー,人事部 採用グループ／梅木,052-559-0131(受付時間 9:00～12:15／13:15～18:00 ※土日祝を除く),
スタイルホーム株式会社,https://www.stylehome.shop/,https://employment.en-japan.com/desc_1031534/?PK=5D3C61&arearoute=1,〒277-0842/千葉県柏市末広町4-2 （株）フード市々ビル4階,採用担当,negishi@insurance-bldg.jp,
株式会社オブ・コスメティックス,http://www.ofcosmetics.co.jp/,https://employment.en-japan.com/desc_1032303/?PK=5D3C61&arearoute=1,〒104-0061/東京都中央区銀座6-3-2ギャラリーセンタービル3F,採用担当,03-6274-6621,
株式会社ハーマンドット,https://hermandot.co.jp/,https://employment.en-japan.com/desc_1032867/?PK=5D3C61&arearoute=1,〒160-0017/東京都新宿区左門町6-10 渋谷ビル3階,採用担当,03-3226-3033,
株式会社デジダス・キュビカ,http://www.cubica.co.jp,https://employment.en-japan.com/desc_1033012/?PK=5D3C61&arearoute=1,〒560-0043/大阪府豊中市待兼山町21-6 リッチメディアビル,松本,06-6848-1123,
株式会社新光貴,http://www.shincoki.com,https://employment.en-japan.com/desc_1033286/?PK=5D3C61&arearoute=1,本社／大阪府大阪市中央区南船場2-7-21,採用担当,06-6261-0210,
株式会社アスカコーポレーション（Nグループ）,https://www.aska-corp.jp,https://employment.en-japan.com/desc_1033313/?PK=5D3C61&arearoute=1,〒812-0038/福岡県福岡市博多区祇園町2-35 プレスト博多祇園ビル5階,採用担当,092-263-1777,
株式会社ゼロワン,http://www.e-zero1.co.jp/,https://employment.en-japan.com/desc_1031212/?PK=5D3C61&arearoute=1,【本社】/〒103-0023 /東京都中央区日本橋本町4-11-5 住友不動産日本橋本町ビル3F,採用担当,03-5643-9611,
株式会社ゼロワン,http://www.e-zero1.co.jp/,https://employment.en-japan.com/desc_1031213/?PK=5D3C61&arearoute=1,【本社】/〒103-0023 /東京都中央区日本橋本町4-11-5 住友不動産日本橋本町ビル3F,採用担当,03-5643-9611,
株式会社blue,http://blue-corporation.jp,https://employment.en-japan.com/desc_1032108/?PK=5D3C61&arearoute=1,【本社】〒104-0061/東京都中央区銀座 6-10-1 GINZA SIX 13F,採用担当,03-6268-8188,
株式会社aradas,https://www.aradas.net/,https://employment.en-japan.com/desc_1023622/?PK=5D3C61&arearoute=1,【大阪オフィス】/大阪府大阪市中央区南船場2-1-10CARP南船場第1ビル5F//【東京オフィス】/東京都渋谷区渋谷2-7-6金王アジアマンション202,採用担当,06-6210-5551(大阪)／03-6450-6744(東京),
株式会社ソーラーパートナーズ,https://www.solar-partners.jp/,https://employment.en-japan.com/desc_1031425/?PK=5D3C61&arearoute=1,〒160-0022/東京都新宿区新宿5-18-20 新宿オミビル4階,採用担当,03-5155-3341,
株式会社AZWAY,https://azway.co.jp/,https://employment.en-japan.com/desc_1029853/?PK=5D3C61&arearoute=1,【本社】/〒171-0014/東京都豊島区池袋2-36-1 INFINITYIKEBUKURO 8F,採用担当,info@azway.co.jp,
有限会社ジーエム・ビルド,http://www.gmbuild.co.jp/,https://employment.en-japan.com/desc_1032317/?PK=5D3C61&arearoute=1,〒338-0001/埼玉県さいたま市中央区上落合2-4-1 アルーサ北与野ビル 3F,採用担当,048-789-6890,
株式会社クールエイト,https://www.cool8.co.jp/,https://employment.en-japan.com/desc_1031219/?PK=5D3C61&arearoute=1,〒210-0023/神奈川県川崎市川崎区小川町14-19 浜屋八秀ビル501,採用担当,044-276-9608,
株式会社ギフト,https://www.gift-inc.co.jp/,https://employment.en-japan.com/desc_1023040/?PK=5D3C61&arearoute=1,〒141-0031/東京都品川区西五反田7-20-9 KDX西五反田ビル7F,採用担当,03-6421-7792,
株式会社フリーダムランド,https://www.freedomland.jp/,https://employment.en-japan.com/desc_1028164/?PK=5D3C61&arearoute=1,〒103-0004/東京都中央区東日本橋2-4-3 アドバンテージIIビル6階,採用担当,03-6240-9108,
株式会社シンクマ,https://www.think-m.co.jp/,https://employment.en-japan.com/desc_1023508/?PK=5D3C61&arearoute=1,【本社】/〒601-8205/京都市南区久世殿城町330-1（株式会社きかんしコム内）//＞下記の電話番号について。/オフィスが株式会社きかんしコム内にあるため、下記の代表電話におかけいただくと株式会社きかんしコムにつながります。当社にご用の場合は下記の代表電話にご連絡いただいたあと、シンクマの採用担当にご用がある旨をお伝えください。,採用担当,075-935-1115,
株式会社ロックオン,http://www.rock-on.co,https://employment.en-japan.com/desc_1030951/?PK=5D3C61&arearoute=1,＜本社＞/〒550-0011/大阪府大阪市西区阿波座1-7-12 東新ビル 402号室,採用担当,06-6643-9929,
株式会社バイタリフィ,https://vitalify.jp/,https://employment.en-japan.com/desc_1028651/?PK=5D3C61&arearoute=1,〒150-0021/東京都渋谷区恵比寿西1-9-6　アストゥルビル8F,採用担当,03-5428-6346,
株式会社ティースケール,http://www.t-scale.co.jp,https://employment.en-japan.com/desc_1029792/?PK=5D3C61&arearoute=1,【本社】/〒340-0011/埼玉県草加市栄町2-8-27 松波ビル4F,採用担当,048-999-5521,
ハイディメンション株式会社,https://www.highdimension.co.jp/,https://employment.en-japan.com/desc_1023500/?PK=5D3C61&arearoute=1,【本社】/〒104-0061/東京都中央区銀座2-11-8 ラウンドクロス銀座2丁目 12F,採用担当,03-3544-6451,
株式会社ボーダーライン,https://www.borderline.jp,https://employment.en-japan.com/desc_1025470/?PK=5D3C61&arearoute=1,＜東京支店＞/〒105-0004/東京都港区新橋5-35-10 新橋アネックス4C,採用担当,03-4455-7691,
株式会社カタリベ,http://corp.katari.be/,https://employment.en-japan.com/desc_1026402/?PK=5D3C61&arearoute=1,■本社／東京都新宿区新宿5‐15‐14　INBOUND LEAGUE,採用担当,03-6750-7667,
KIZUNA JAPAN株式会社,https://kizunajapan.jp,https://employment.en-japan.com/desc_1024772/?PK=5D3C61&arearoute=1,【本社】/〒150-0011/東京都渋谷区東1-27-6 YMビル6F,採用担当,03-6225-0652,
弁護士法人朝日中央綜合法律事務所,https://www.ac-law.jp/,https://employment.en-japan.com/desc_1027701/?PK=5D3C61&arearoute=1,大阪事務所／大阪府大阪市中央区本町4丁目1番7号 第二有楽ビル8階//TEL／06-6263-2130/FAX／06-6263-2137,採用担当・田中,,
